OrderID,OrderDate,Product,Category,Region,CustomerSegment,PaymentMode,Quantity,UnitPrice,Discount(%),MarketingSpend,CustomerRating,CompetitorPrice,SalesAmount
101577,2023-04-16,Mouse,Accessories,South,Home Office,UPI,2,811.21,15,746.96,4.7,765.39,4503.46
100140,2023-05-19,Smartphone,Electronics,North,Corporate,UPI,6,20169.91,0,14983.94,4.8,21406.99,124567.15
100110,2022-04-10,Laptop,Electronics,North,Home Office,Debit Card,3,61036.21,0,10703.65,4.1,57800.97,196284.99
100259,2023-09-14,Tablet,Electronics,South,Consumer,Debit Card,3,18019.09,20,13094.08,4.5,17242.83,57128.55
101391,2022-03-12,Mouse,Accessories,Central,Home Office,Credit Card,3,852.46,5,10054.79,4.1,799.79,6770.76
101744,2023-02-14,Smartphone,Electronics,East,Consumer,Cash on Delivery,1,20160.05,10,8313.67,4.4,20529.59,14921.55
100514,2023-09-15,Printer,Office,East,Consumer,Cash on Delivery,3,9262.23,5,2668.47,4.2,8699.98,28877.88
101517,2023-03-12,Speaker,Accessories,Central,Home Office,Net Banking,3,3236.51,10,14083.14,4.6,3021.41,16903.73
101386,2023-03-17,Printer,Office,South,Home Office,Credit Card,3,8938.64,20,13214.66,5.0,8201.84,28375.49
101058,2023-07-12,Speaker,Accessories,East,Home Office,Credit Card,2,2996.69,20,11123.74,3.8,2878.24,9955.82
101921,2023-12-02,Mouse,Accessories,West,Corporate,Cash on Delivery,3,753.01,5,1503.67,3.7,720.65,6358.54
101736,2023-12-02,Laptop,Electronics,East,Corporate,Cash on Delivery,4,62363.42,5,7375.75,3.1,67290.68,324874.29
100471,2023-09-14,Speaker,Accessories,East,Corporate,Credit Card,3,2828.78,5,4704.82,3.6,2916.44,11926.5
101273,2022-06-06,Tablet,Electronics,South,Consumer,Net Banking,1,17913.01,10,9623.4,3.5,16732.53,23466.93
101926,2022-08-31,Smartwatch,Wearables,Central,Home Office,Credit Card,5,6735.15,0,2499.42,4.2,7009.9,35182.79
101544,2023-09-02,Smartwatch,Wearables,East,Home Office,Net Banking,2,6297.15,20,1165.64,4.8,5935.83,14956.32
101089,2022-02-16,Smartwatch,Wearables,West,Consumer,Cash on Delivery,3,6672.2,5,12574.48,4.1,6685.24,22316.68
101354,2022-12-09,Printer,Office,East,Consumer,Debit Card,1,8734.75,5,3085.25,4.3,8696.11,16342.39
100358,2022-01-12,Keyboard,Accessories,South,Home Office,Credit Card,3,1184.66,20,3496.33,4.9,1115.81,7510.02
101327,2023-02-02,Mouse,Accessories,Central,Corporate,Net Banking,6,733.88,0,13742.04,3.6,784.58,5183.8
100196,2023-09-19,Tablet,Electronics,West,Corporate,Debit Card,3,16456.62,0,8991.02,3.2,16910.08,53725.75
101682,2022-12-27,Smartphone,Electronics,East,Consumer,Debit Card,2,24527.21,0,521.03,4.0,22527.68,74534.24
101691,2023-12-16,Mouse,Accessories,East,Home Office,Debit Card,1,915.3,10,3610.02,5.0,874.88,2140.94
100610,2023-07-12,Printer,Office,East,Home Office,Debit Card,1,9684.95,5,1866.52,3.6,10177.5,11112.04
100361,2023-09-19,Printer,Office,North,Consumer,Credit Card,3,9188.36,0,4251.22,4.5,9360.45,30244.06
100002,2023-12-05,Smartwatch,Wearables,North,Corporate,Net Banking,1,6865.76,5,13125.93,4.3,7193.19,18091.05
100666,2022-04-25,Mouse,Accessories,North,Home Office,Debit Card,1,819.03,10,4486.17,4.5,790.34,7783.67
100527,2022-09-29,Printer,Office,East,Consumer,Credit Card,2,9432.99,15,5675.05,4.0,9861.45,17309.41
101117,2023-09-12,Tablet,Electronics,East,Home Office,Credit Card,6,17529.99,20,5882.3,4.3,19268.56,84481.01
100702,2022-08-05,Printer,Office,Central,Corporate,Credit Card,5,8363.49,0,14416.74,4.6,8706.99,52613.19
100602,2023-04-30,Laptop,Electronics,North,Corporate,Credit Card,3,62073.61,10,14033.94,4.3,60441.3,177583.51
100658,2022-05-02,Laptop,Electronics,Central,Corporate,Credit Card,3,54329.23,15,,3.9,52942.76,142764.69
101917,2022-10-28,Speaker,Accessories,Central,Home Office,Debit Card,2,3197.3,5,13897.68,4.0,3367.62,14488.06
101824,2023-02-06,Laptop,Electronics,North,Corporate,Debit Card,3,57644.01,10,14712.3,4.1,57509.69,133748.98
100762,2023-01-13,Headphones,Accessories,North,Consumer,Cash on Delivery,3,2677.63,0,6584.99,4.1,2928.98,11175.0
100374,2023-05-19,Smartphone,Electronics,East,Consumer,Debit Card,3,21109.69,20,2980.75,4.2,22637.37,48820.59
101959,2022-05-26,Keyboard,Accessories,East,Home Office,Net Banking,3,1286.66,0,6277.32,4.8,1359.32,6081.35
100672,2022-03-03,Speaker,Accessories,East,Home Office,UPI,5,3356.23,20,10221.02,4.0,3660.32,19745.86
101037,2022-01-30,Laptop,Electronics,South,Corporate,UPI,1,61542.52,15,5522.58,4.5,58731.71,51877.01
100945,2022-05-29,Smartwatch,Wearables,North,Home Office,Debit Card,4,6731.49,10,12851.67,3.5,6505.76,30169.9
100544,2022-11-24,Speaker,Accessories,North,Home Office,UPI,2,3341.56,0,1603.45,3.6,3162.35,10789.6
101696,2023-09-20,Smartphone,Electronics,South,Home Office,UPI,1,21853.03,15,7726.1,4.1,20873.57,26368.88
101669,2022-08-31,Smartphone,Electronics,Central,Corporate,Net Banking,5,21353.78,0,10450.44,3.2,20190.72,114535.34
100606,2023-04-13,Tablet,Electronics,West,Consumer,Cash on Delivery,3,17734.58,0,12407.4,4.1,18542.44,59684.89
100501,2023-07-04,Mouse,Accessories,East,Home Office,Net Banking,6,733.18,0,14896.05,2.9,702.12,12858.78
101495,2022-05-28,Speaker,Accessories,North,Home Office,Cash on Delivery,1,2917.88,10,5681.85,4.5,2762.89,9563.32
101817,2022-05-28,Speaker,Accessories,Central,Consumer,UPI,4,3145.3,0,5036.43,5.0,3032.28,16514.75
101244,2023-08-16,Mouse,Accessories,West,Consumer,Net Banking,1,870.34,10,11632.24,4.3,790.94,7157.5
100241,2022-04-07,Keyboard,Accessories,West,Home Office,Debit Card,1,1133.73,5,14242.81,4.3,1045.0,7290.76
100876,2023-12-09,Mouse,Accessories,West,Consumer,Debit Card,3,899.82,0,11290.4,4.5,880.9,12490.08
101374,2023-12-11,Laptop,Electronics,North,Consumer,Credit Card,5,63168.27,15,,4.8,59308.46,390907.02
100694,2022-07-10,Printer,Office,South,Consumer,Net Banking,4,8420.75,15,11102.6,3.6,8656.42,34594.79
100284,2023-10-29,Mouse,Accessories,Central,Corporate,Cash on Delivery,2,847.13,20,11776.9,3.7,909.18,6699.27
100412,2023-02-14,Laptop,Electronics,North,Corporate,Credit Card,2,60841.51,15,13951.28,4.1,58907.0,94791.76
101304,2022-06-24,Headphones,Accessories,West,Corporate,UPI,3,2738.83,10,7682.85,5.0,2949.43,14043.78
101411,2022-04-15,Tablet,Electronics,East,Consumer,Debit Card,4,18554.97,15,12750.02,4.7,17090.59,74646.58
101981,2023-01-24,Smartwatch,Wearables,West,Corporate,Credit Card,3,5753.7,15,4016.06,3.6,5876.1,15871.18
101841,2023-11-07,Keyboard,Accessories,West,Home Office,Credit Card,2,1315.18,0,7011.36,3.3,1437.98,6894.98
101442,2022-12-28,Tablet,Electronics,Central,Corporate,UPI,4,17296.7,10,6979.97,4.1,17337.51,93361.72
100339,2022-02-27,Keyboard,Accessories,South,Corporate,UPI,2,1136.26,0,1825.68,4.7,1087.89,5181.04
100363,2023-06-04,Mouse,Accessories,West,Consumer,Net Banking,4,853.83,5,7325.16,4.0,819.96,10753.76
100903,2023-03-23,Smartwatch,Wearables,East,Corporate,UPI,4,5786.96,10,11740.91,4.4,6294.19,25892.36
101011,2023-07-19,Tablet,Electronics,Central,Consumer,Cash on Delivery,3,16521.92,0,3875.31,3.6,15516.81,53283.29
101678,2022-10-02,Smartphone,Electronics,South,Consumer,UPI,5,25243.01,10,4648.45,4.8,25779.14,164468.4
100735,2023-10-23,Monitor,Electronics,Central,Corporate,Net Banking,4,10944.01,5,4021.85,4.6,10545.89,64968.83
100386,2022-08-24,Tablet,Electronics,West,Home Office,UPI,1,19808.61,15,7504.46,4.3,18622.33,23866.37
101508,2022-04-03,Monitor,Electronics,North,Consumer,Net Banking,2,13161.28,10,566.7,4.6,12161.72,25244.01
101149,2023-08-21,Printer,Office,South,Consumer,Credit Card,1,9472.08,20,2042.28,3.8,10056.96,6557.97
100837,2022-12-17,Speaker,Accessories,East,Consumer,Debit Card,3,2832.46,5,7475.47,3.8,2700.21,11647.21
101663,2022-10-15,Printer,Office,North,Home Office,Credit Card,2,9325.77,15,11367.8,3.5,8435.19,31675.96
100638,2022-03-14,Printer,Office,South,Consumer,Cash on Delivery,3,10037.89,0,14148.24,4.2,9928.4,37770.79
101170,2023-08-11,Tablet,Electronics,West,Consumer,Cash on Delivery,2,18779.91,10,5229.17,3.8,17274.86,40820.53
101637,2022-12-03,Headphones,Accessories,North,Home Office,UPI,3,2282.73,20,7860.35,4.1,2451.81,11278.69
101445,2023-10-05,Headphones,Accessories,Central,Home Office,Net Banking,2,2510.59,5,5572.85,3.5,2346.35,9375.6
101279,2023-11-19,Printer,Office,North,Corporate,Cash on Delivery,4,9030.47,5,8279.77,4.7,9385.11,52346.59
100299,2023-03-25,Mouse,Accessories,West,Consumer,Debit Card,1,904.23,20,3723.1,4.5,859.63,2835.73
100976,2023-08-10,Keyboard,Accessories,East,Consumer,Debit Card,4,1133.3,5,5665.36,3.9,1043.41,8506.6
101858,2022-04-07,Smartphone,Electronics,South,Home Office,Cash on Delivery,3,21810.76,10,10611.76,3.9,22889.39,58814.58
100108,2022-04-12,Headphones,Accessories,North,Home Office,Cash on Delivery,4,2349.39,0,1924.41,3.9,2173.25,12814.16
101471,2023-03-20,Smartphone,Electronics,East,Consumer,Debit Card,5,21197.15,10,,4.6,20746.48,101284.44
101582,2022-07-28,Speaker,Accessories,South,Corporate,UPI,1,2758.74,10,6299.29,4.5,2803.72,9200.19
100517,2023-08-08,Keyboard,Accessories,Central,Corporate,Cash on Delivery,4,1129.07,5,7057.98,4.1,1093.28,8747.72
101016,2022-10-25,Printer,Office,South,Consumer,Debit Card,1,9096.84,10,4338.58,4.6,8619.67,12976.47
101015,2022-07-24,Monitor,Electronics,South,Corporate,Net Banking,3,11758.65,0,12249.4,4.0,11847.47,44611.14
101183,2023-01-10,Headphones,Accessories,Central,Home Office,Cash on Delivery,3,2536.09,0,9247.59,3.2,2701.94,8063.84
101229,2023-11-16,Keyboard,Accessories,Central,Consumer,Net Banking,2,1302.33,0,10722.89,5.0,1238.08,10956.13
101972,2023-12-17,Smartphone,Electronics,North,Corporate,UPI,1,23244.46,5,5112.99,3.5,22086.49,43424.17
101531,2022-11-03,Printer,Office,East,Consumer,Credit Card,4,8146.94,10,816.56,3.6,8212.27,43977.34
101605,2023-09-22,Headphones,Accessories,East,Corporate,Debit Card,10,2664.58,0,4436.52,3.4,2878.63,29079.78
101465,2022-12-21,Smartwatch,Wearables,North,Corporate,Debit Card,1,5829.3,15,13778.58,3.5,5507.3,13649.61
101497,2023-12-02,Mouse,Accessories,West,Home Office,Debit Card,1,782.66,5,9197.81,4.1,722.43,7834.51
101330,2022-02-18,Smartwatch,Wearables,Central,Home Office,Cash on Delivery,3,5573.8,0,1254.43,4.9,5669.64,15533.5
100330,2023-03-18,Speaker,Accessories,North,Corporate,Net Banking,5,2902.31,10,10054.08,3.9,2678.04,19268.47
101431,2022-09-05,Speaker,Accessories,East,Corporate,UPI,1,2881.42,5,13989.35,3.2,2847.11,10179.26
100229,2022-12-01,Keyboard,Accessories,South,Corporate,Debit Card,1,1338.75,0,10580.22,4.7,1240.29,8808.04
100172,2023-05-02,Tablet,Electronics,East,Home Office,Credit Card,6,19585.79,5,10322.85,5.0,20856.8,114204.75
100450,2023-01-12,Smartphone,Electronics,West,Home Office,UPI,4,23026.55,10,9972.7,4.2,25113.85,66479.6
101524,2023-10-16,Smartwatch,Wearables,Central,Home Office,Net Banking,2,6092.9,15,4795.05,5.0,6209.78,19248.35
100127,2022-03-17,Smartwatch,Wearables,South,Home Office,Credit Card,4,6410.47,0,10562.27,3.8,5981.33,31506.76
101064,2022-09-29,Printer,Office,West,Consumer,Cash on Delivery,6,9644.42,5,8002.04,4.3,10124.18,61160.17
100037,2023-02-10,Tablet,Electronics,North,Home Office,UPI,5,17880.58,0,11164.83,3.7,16316.18,77786.07
100426,2023-01-31,Laptop,Electronics,Central,Corporate,Credit Card,4,61473.46,5,6274.63,5.0,55483.06,203485.46
100204,2022-06-10,Monitor,Electronics,Central,Home Office,Cash on Delivery,3,11149.38,0,3244.61,5.0,12053.68,34753.05
101249,2023-01-20,Monitor,Electronics,Central,Consumer,Debit Card,2,11845.7,10,14302.72,3.4,11926.77,22974.06
100185,2022-01-04,Mouse,Accessories,North,Home Office,Cash on Delivery,3,818.45,0,9955.35,4.5,835.22,8940.79
101268,2023-05-09,Monitor,Electronics,Central,Corporate,UPI,4,11266.55,0,7289.71,4.1,10704.87,55015.69
100058,2022-07-20,Headphones,Accessories,Central,Home Office,Net Banking,7,2521.62,10,9227.89,4.0,2575.63,22913.72
101506,2022-05-21,Tablet,Electronics,West,Corporate,Net Banking,3,17212.94,0,8581.32,4.3,18434.09,54525.44
100862,2023-11-04,Laptop,Electronics,East,Corporate,Cash on Delivery,1,62943.7,10,7606.62,4.2,66201.21,75967.04
101876,2022-10-26,Mouse,Accessories,South,Consumer,Cash on Delivery,2,787.11,5,2914.24,3.8,848.46,4477.98
101332,2023-07-12,Monitor,Electronics,West,Corporate,Cash on Delivery,3,12608.69,0,6777.73,3.7,12573.34,42079.67
101164,2022-06-18,Monitor,Electronics,North,Corporate,Cash on Delivery,1,13739.75,5,8001.48,4.4,14593.32,13876.28
101315,2023-06-24,Monitor,Electronics,Central,Consumer,Credit Card,3,12646.47,0,14249.0,4.3,13504.89,48857.26
101414,2022-03-15,Speaker,Accessories,Central,Consumer,UPI,6,2863.13,10,13756.88,3.6,2636.61,20982.61
100611,2023-01-18,Smartphone,Electronics,North,Home Office,UPI,3,23352.8,5,3411.12,4.0,21593.43,58057.66
100034,2023-08-25,Printer,Office,West,Corporate,Debit Card,2,9786.48,10,10336.49,4.5,9728.38,24550.19
100830,2022-08-30,Mouse,Accessories,East,Consumer,Debit Card,3,850.47,15,6001.96,3.8,862.39,7923.67
101826,2023-08-22,Keyboard,Accessories,North,Corporate,Credit Card,1,1171.29,0,8601.55,,1222.13,7555.88
100360,2023-09-07,Mouse,Accessories,Central,Corporate,Credit Card,2,862.91,10,14573.04,2.9,866.2,9490.76
101049,2023-11-13,Mouse,Accessories,Central,Home Office,Debit Card,3,734.18,5,13171.89,3.6,670.81,8714.18
101648,2023-09-19,Headphones,Accessories,North,Corporate,Credit Card,4,2544.53,5,10833.25,4.3,2466.07,14897.2
101899,2023-03-28,Smartwatch,Wearables,South,Home Office,Cash on Delivery,5,5979.58,10,9528.74,3.3,6342.12,31041.68
100595,2023-07-23,Smartwatch,Wearables,South,Consumer,UPI,1,5652.77,0,,3.5,6148.48,12638.9
101278,2022-01-21,Smartphone,Electronics,Central,Corporate,Debit Card,3,25104.4,0,4004.36,5.0,26267.11,61479.67
100590,2023-02-04,Speaker,Accessories,Central,Corporate,Cash on Delivery,5,3232.68,0,6398.73,3.9,3291.58,19032.94
100653,2023-01-05,Smartwatch,Wearables,South,Home Office,UPI,3,5737.13,0,2898.31,3.7,5767.7,18015.24
100915,2023-04-15,Monitor,Electronics,Central,Home Office,Net Banking,4,12904.69,10,6885.21,4.3,13609.18,47697.19
100769,2022-02-03,Smartphone,Electronics,North,Home Office,UPI,5,22362.82,10,12567.27,5.0,21322.25,87454.66
100452,2022-09-07,Laptop,Electronics,North,Corporate,UPI,4,61413.38,0,13735.42,4.3,58343.72,257070.54
101816,2022-06-19,Headphones,Accessories,Central,Consumer,Debit Card,7,2274.2,0,5986.07,4.4,2481.32,21205.83
100587,2022-01-01,Printer,Office,West,Corporate,Net Banking,2,8633.08,10,14586.52,3.0,8510.82,18625.6
100007,2022-01-02,Tablet,Electronics,South,Corporate,Debit Card,2,17015.17,10,3130.86,5.0,15677.36,31217.84
101766,2023-12-23,Printer,Office,North,Home Office,Debit Card,2,9101.86,10,9438.95,4.1,9051.92,29849.15
100705,2023-05-23,Laptop,Electronics,West,Corporate,Cash on Delivery,1,53116.96,0,8361.96,4.3,50457.72,64960.96
101318,2023-06-20,Keyboard,Accessories,East,Corporate,Net Banking,2,1241.81,15,1676.81,3.8,1280.27,6130.61
101353,2022-05-01,Smartwatch,Wearables,North,Consumer,Cash on Delivery,4,6573.29,10,5070.39,4.6,7143.72,28019.18
100020,2023-03-23,Headphones,Accessories,South,Consumer,Net Banking,4,2288.34,10,7167.11,4.2,2509.71,11729.62
101153,2023-04-14,Printer,Office,South,Home Office,Net Banking,1,8435.0,10,5817.39,3.4,8742.27,10377.68
101190,2023-09-24,Smartphone,Electronics,Central,Consumer,Cash on Delivery,3,23358.31,5,13393.79,3.5,24448.28,73782.57
101075,2022-07-17,Laptop,Electronics,East,Home Office,Debit Card,5,54066.03,0,8067.16,3.8,54362.76,275579.72
100206,2023-12-28,Printer,Office,South,Consumer,Cash on Delivery,4,9506.99,0,2572.93,3.6,9693.35,57194.07
100816,2022-07-18,Speaker,Accessories,North,Home Office,UPI,1,2734.19,0,1772.66,5.0,2770.77,5463.05
100415,2023-12-27,Monitor,Electronics,South,Consumer,Credit Card,3,13240.22,10,10093.07,3.9,13441.89,54694.09
101625,2022-05-08,Smartwatch,Wearables,West,Corporate,Debit Card,3,5596.23,15,12714.24,4.4,5797.01,20451.97
100927,2023-07-12,Smartwatch,Wearables,Central,Home Office,Debit Card,2,6211.38,5,13756.03,5.0,6176.16,20035.16
100720,2023-02-14,Printer,Office,North,Home Office,Net Banking,4,8853.43,5,13944.04,4.1,8156.87,33024.48
101631,2022-04-04,Keyboard,Accessories,West,Home Office,Debit Card,3,1356.68,10,5334.34,4.0,1275.44,7118.14
100731,2022-01-13,Speaker,Accessories,West,Home Office,Debit Card,3,3169.84,15,10758.09,5.0,3479.64,10865.75
100217,2022-12-21,Smartphone,Electronics,East,Home Office,Cash on Delivery,1,23729.28,5,2317.94,4.6,22664.01,34199.11
100419,2022-07-24,Speaker,Accessories,West,Home Office,Debit Card,1,3095.48,5,9037.75,4.0,2894.14,6820.79
101251,2023-11-03,Headphones,Accessories,South,Home Office,Credit Card,1,2443.52,0,11267.27,4.8,2545.0,7712.09
100986,2022-09-22,Keyboard,Accessories,East,Consumer,Cash on Delivery,2,1322.61,5,4949.15,4.8,1433.38,5320.62
101635,2023-08-09,Speaker,Accessories,West,Corporate,Cash on Delivery,2,2808.3,10,12826.67,4.3,2944.51,10520.07
100921,2022-04-08,Monitor,Electronics,South,Corporate,UPI,3,13730.78,0,13524.21,,14223.21,43834.28
100970,2022-08-11,Keyboard,Accessories,North,Corporate,Credit Card,2,1243.94,0,4516.35,4.8,1166.99,3817.07
101312,2023-11-30,Tablet,Electronics,West,Home Office,UPI,1,18120.31,5,11785.12,3.6,18419.72,28272.19
101717,2023-06-05,Laptop,Electronics,East,Consumer,Cash on Delivery,4,51009.53,10,14393.71,3.7,51360.52,195113.07
101564,2022-10-21,Smartwatch,Wearables,Central,Home Office,UPI,5,6091.33,0,4766.63,3.1,6317.2,46955.81
101846,2023-08-07,Tablet,Electronics,East,Home Office,UPI,8,17068.74,5,2170.81,4.1,16659.39,134427.84
100797,2023-07-07,Keyboard,Accessories,North,Corporate,Net Banking,2,1317.95,10,1955.82,3.4,1332.88,8514.57
101260,2023-04-04,Keyboard,Accessories,North,Corporate,UPI,1,1273.71,20,3868.69,4.1,1207.39,1898.37
101794,2023-11-17,Monitor,Electronics,North,Corporate,Debit Card,2,11246.89,20,9395.95,4.4,12040.37,29670.77
100528,2022-02-09,Monitor,Electronics,South,Corporate,Net Banking,1,11899.37,10,14483.56,3.9,12637.43,12687.65
101753,2023-11-13,Headphones,Accessories,South,Home Office,UPI,4,2659.61,10,897.72,4.2,2878.66,13402.21
100051,2023-04-02,Printer,Office,East,Corporate,Net Banking,3,8490.96,10,12476.68,4.0,7882.96,29774.79
100036,2023-12-29,Keyboard,Accessories,West,Consumer,UPI,1,1290.88,0,7555.67,5.0,1167.72,10322.97
101046,2023-06-08,Smartwatch,Wearables,East,Corporate,Net Banking,3,5605.16,15,7390.24,4.0,5477.28,20786.41
101280,2022-10-16,Keyboard,Accessories,South,Consumer,Credit Card,3,1255.69,5,7660.18,3.5,1210.61,6639.04
101483,2022-12-13,Tablet,Electronics,East,Consumer,Cash on Delivery,3,20051.62,10,5509.01,5.0,21299.14,76501.01
100562,2022-11-12,Laptop,Electronics,Central,Corporate,Credit Card,5,59140.69,0,4813.64,4.7,55945.04,422519.48
100396,2022-07-28,Printer,Office,East,Consumer,Credit Card,5,8369.43,15,4081.0,4.1,8665.87,39835.71
101647,2022-12-23,Headphones,Accessories,North,Home Office,UPI,2,2347.01,0,2990.6,2.9,2304.66,11269.24
101125,2023-05-15,Monitor,Electronics,East,Consumer,Debit Card,5,11980.24,10,13858.65,3.7,11151.11,59698.7
100751,2022-03-10,Smartwatch,Wearables,Central,Consumer,UPI,5,6784.92,0,12147.26,3.7,6811.29,37818.07
101138,2023-11-21,Headphones,Accessories,West,Corporate,Credit Card,3,2866.73,0,2336.01,4.9,2748.58,14047.66
101317,2023-01-13,Mouse,Accessories,East,Home Office,Cash on Delivery,2,892.52,15,4213.9,4.8,940.9,4426.36
100350,2022-12-03,Smartphone,Electronics,North,Home Office,Credit Card,3,22223.32,15,10421.03,4.0,23882.78,82237.45
101025,2023-04-30,Laptop,Electronics,Central,Home Office,Cash on Delivery,6,54902.89,15,14707.15,2.6,54594.75,286788.15
101904,2023-08-15,Smartwatch,Wearables,Central,Consumer,Net Banking,4,5515.45,5,4618.74,3.8,5378.29,25076.1
100525,2023-08-22,Printer,Office,North,Corporate,Credit Card,2,8861.68,0,5771.59,4.7,9193.78,21611.76
100820,2022-09-02,Monitor,Electronics,East,Corporate,Credit Card,3,12564.94,5,10075.12,4.4,13294.42,41618.01
100441,2023-05-01,Smartphone,Electronics,East,Home Office,Credit Card,3,24653.59,5,2339.24,4.8,26613.85,69295.45
100146,2023-12-22,Monitor,Electronics,West,Consumer,Debit Card,7,13012.28,0,12138.28,4.3,14244.24,133095.5
101618,2022-04-04,Tablet,Electronics,West,Corporate,Debit Card,3,16388.44,5,,4.6,15541.1,50716.6
100946,2023-04-26,Monitor,Electronics,Central,Corporate,UPI,2,13465.83,5,8959.15,5.0,12652.7,30404.13
100863,2022-01-04,Keyboard,Accessories,Central,Consumer,Credit Card,3,1181.43,0,10609.69,3.7,1133.47,6866.88
100237,2023-05-14,Monitor,Electronics,East,Corporate,Cash on Delivery,1,13660.21,0,4815.93,3.5,12743.03,16585.68
101872,2023-12-25,Speaker,Accessories,East,Consumer,Net Banking,6,2902.89,5,11391.96,4.6,3123.65,31729.96
100561,2023-07-14,Laptop,Electronics,North,Corporate,Cash on Delivery,1,53135.56,5,8003.18,,54017.59,55192.24
100669,2023-01-24,Smartphone,Electronics,South,Consumer,UPI,3,20622.3,5,10033.67,3.8,22464.13,46269.32
100928,2023-09-29,Speaker,Accessories,West,Home Office,UPI,5,3417.76,10,6275.5,4.9,3263.51,17168.97
101715,2023-11-26,Headphones,Accessories,North,Home Office,UPI,5,2831.56,0,11246.46,4.4,2786.03,25765.95
101640,2023-06-18,Monitor,Electronics,South,Home Office,Debit Card,5,11633.78,5,10133.25,3.8,10939.51,61328.73
100754,2023-08-12,Speaker,Accessories,North,Corporate,Credit Card,3,2919.63,10,5074.59,3.9,3073.02,11905.92
101968,2023-08-14,Mouse,Accessories,Central,Corporate,Credit Card,2,762.92,5,2637.83,3.8,777.89,5509.74
101323,2022-05-17,Monitor,Electronics,Central,Corporate,UPI,4,10807.57,5,2117.75,4.9,10675.09,43736.13
101446,2022-10-01,Keyboard,Accessories,South,Home Office,UPI,1,1256.96,10,1634.48,3.1,1286.44,4504.6
100500,2022-07-04,Laptop,Electronics,East,Consumer,Cash on Delivery,1,53423.72,20,11144.57,4.7,49444.47,58008.26
100438,2022-05-03,Headphones,Accessories,South,Corporate,Cash on Delivery,2,2720.82,10,10206.09,5.0,2469.61,10759.84
101934,2023-04-16,Headphones,Accessories,East,Home Office,Debit Card,4,2819.46,10,10251.4,3.6,2598.32,16063.48
100663,2023-03-05,Printer,Office,South,Home Office,Debit Card,8,9975.46,5,14448.91,4.0,10086.87,81036.21
101976,2022-03-02,Smartwatch,Wearables,Central,Consumer,Cash on Delivery,4,5713.91,15,815.08,4.0,6056.04,20601.02
100725,2022-06-04,Printer,Office,East,Consumer,Debit Card,1,8149.86,0,2100.15,3.6,8943.32,7677.95
101287,2022-06-18,Keyboard,Accessories,East,Home Office,Credit Card,1,1332.76,20,10883.96,4.2,1255.21,7363.82
100262,2022-11-25,Speaker,Accessories,South,Home Office,Net Banking,5,2932.27,0,13677.98,4.6,2815.54,30101.37
100141,2023-11-06,Speaker,Accessories,East,Consumer,UPI,4,3336.88,5,698.63,4.0,3013.7,19587.04
100351,2023-09-09,Laptop,Electronics,East,Corporate,Cash on Delivery,2,52105.89,0,5009.6,4.3,54557.48,103967.21
100367,2023-12-01,Printer,Office,South,Consumer,Cash on Delivery,4,9219.44,0,11003.6,3.3,9105.16,56741.75
101861,2022-02-24,Smartwatch,Wearables,Central,Home Office,Debit Card,1,5739.39,0,11400.59,3.4,5460.23,10674.65
100311,2022-04-25,Mouse,Accessories,South,Consumer,Credit Card,4,721.72,0,9005.73,,650.63,2906.08
101127,2022-06-01,Smartphone,Electronics,South,Corporate,Debit Card,6,24572.86,0,14008.2,4.5,24561.25,153770.44
101985,2023-07-21,Headphones,Accessories,West,Home Office,Cash on Delivery,4,2725.55,5,3691.3,4.3,2520.75,14396.28
100454,2022-09-21,Headphones,Accessories,North,Home Office,Debit Card,5,2522.33,0,6135.17,5.0,2317.43,16627.76
101293,2023-11-06,Smartphone,Electronics,East,Corporate,UPI,4,22451.45,5,8067.98,4.2,22926.39,124472.52
101683,2023-02-18,Headphones,Accessories,South,Consumer,UPI,4,2330.38,15,6711.73,4.1,2399.05,9015.13
101634,2022-09-18,Laptop,Electronics,North,Corporate,Credit Card,1,54046.39,15,7253.89,4.4,51113.05,55586.68
101172,2022-05-31,Monitor,Electronics,West,Corporate,Net Banking,2,10843.05,15,5627.29,4.1,10165.58,24066.1
100341,2022-08-10,Mouse,Accessories,West,Consumer,UPI,7,889.89,5,12155.97,3.7,869.24,12093.33
100683,2022-06-25,Smartphone,Electronics,Central,Consumer,Net Banking,2,22541.83,5,8914.82,3.4,23094.04,50198.71
100961,2022-04-21,Smartwatch,Wearables,West,Corporate,UPI,4,6214.42,10,8066.5,3.3,6199.78,26305.47
101791,2022-01-24,Keyboard,Accessories,North,Consumer,Cash on Delivery,2,1201.94,5,10841.97,4.6,1154.68,3767.29
100855,2022-12-02,Headphones,Accessories,South,Corporate,Debit Card,3,2795.64,0,9074.91,5.0,2920.52,20679.72
101417,2022-12-14,Headphones,Accessories,North,Consumer,Net Banking,5,2738.78,0,4648.75,2.3,2750.05,21116.55
100179,2022-10-10,Smartphone,Electronics,South,Home Office,UPI,3,20869.46,0,6452.19,3.8,20107.95,92199.05
100977,2023-07-08,Tablet,Electronics,West,Corporate,Credit Card,3,19392.26,20,8695.36,3.7,20805.86,48948.55
100806,2022-05-15,Headphones,Accessories,Central,Consumer,UPI,5,2267.27,15,3392.21,5.0,2323.65,12170.74
100397,2022-10-10,Mouse,Accessories,East,Corporate,Debit Card,2,723.89,20,3711.04,4.0,688.83,5041.08
101313,2023-10-10,Headphones,Accessories,East,Consumer,Net Banking,5,2293.77,5,14859.73,3.6,2443.88,24313.35
100340,2022-05-27,Mouse,Accessories,South,Home Office,Net Banking,4,890.31,0,14634.02,4.1,976.03,13021.67
100596,2022-01-15,Monitor,Electronics,West,Consumer,Net Banking,4,12395.73,0,6952.77,4.0,11163.9,45923.53
101133,2022-06-02,Printer,Office,East,Consumer,Credit Card,6,8583.33,5,14430.76,3.1,8327.68,55681.94
101949,2023-12-25,Monitor,Electronics,North,Consumer,UPI,1,11344.57,10,12347.17,,11474.25,18271.06
100479,2023-03-22,Smartwatch,Wearables,East,Corporate,Cash on Delivery,3,5436.64,5,5327.78,3.4,5535.45,20180.15
100804,2023-07-12,Smartwatch,Wearables,South,Corporate,Net Banking,5,6200.58,0,10040.29,4.4,5650.73,41267.27
100729,2022-06-14,Headphones,Accessories,East,Home Office,Cash on Delivery,1,2402.09,15,3385.76,4.0,2641.86,7678.38
101027,2022-03-11,Printer,Office,West,Consumer,Credit Card,4,9715.32,0,2805.86,3.3,10636.24,41557.98
100071,2022-05-05,Smartwatch,Wearables,South,Consumer,Debit Card,3,6892.29,5,1778.92,3.5,6245.7,23968.49
101169,2022-03-30,Mouse,Accessories,East,Corporate,Cash on Delivery,3,742.33,5,10053.87,3.4,789.68,6179.75
101733,2022-02-26,Mouse,Accessories,North,Home Office,Credit Card,3,895.63,5,1043.73,4.3,845.54,9084.74
101723,2023-01-15,Monitor,Electronics,South,Corporate,UPI,1,13229.58,0,4872.05,,14437.67,14995.09
100308,2023-03-06,Printer,Office,South,Corporate,UPI,3,8222.28,0,2582.51,4.9,8693.43,28832.01
100571,2023-06-04,Smartphone,Electronics,Central,Corporate,Net Banking,4,22215.66,15,7599.02,4.6,20686.69,82779.31
101888,2022-05-15,Speaker,Accessories,North,Consumer,Debit Card,3,3042.03,0,2675.32,4.5,3240.35,8565.97
100298,2022-07-23,Speaker,Accessories,South,Corporate,Debit Card,4,3023.99,0,14332.08,4.5,3190.05,17763.08
100200,2023-05-05,Smartwatch,Wearables,West,Corporate,Credit Card,2,5670.78,0,8116.25,3.6,5869.96,14576.76
101905,2022-01-03,Laptop,Electronics,West,Consumer,Credit Card,5,58055.23,15,1966.27,4.3,58099.07,201018.41
101509,2023-07-17,Monitor,Electronics,Central,Consumer,Cash on Delivery,2,11358.39,0,2475.34,5.0,12383.33,23894.19
101122,2022-01-17,Keyboard,Accessories,East,Home Office,Cash on Delivery,2,1262.87,10,7830.35,3.6,1351.93,7247.75
101741,2023-07-22,Smartwatch,Wearables,North,Corporate,Credit Card,7,5580.55,5,11064.06,4.5,5135.77,44272.1
101334,2022-05-04,Printer,Office,East,Home Office,UPI,4,9598.72,15,8214.26,3.7,9206.98,37367.91
100504,2023-12-24,Printer,Office,Central,Home Office,UPI,3,8119.51,20,1461.21,3.4,7309.76,27710.85
100779,2022-03-28,Tablet,Electronics,South,Corporate,Cash on Delivery,5,18816.79,0,14526.13,4.1,17393.3,104159.12
100620,2023-04-13,Monitor,Electronics,North,Home Office,Credit Card,4,13578.43,10,13875.32,3.4,14649.83,54756.92
101600,2022-11-08,Printer,Office,South,Home Office,Debit Card,3,8308.43,10,8421.32,3.4,8160.59,35887.15
101139,2022-09-22,Smartwatch,Wearables,Central,Consumer,UPI,2,6545.01,10,12539.72,4.2,6911.63,19901.85
101020,2022-09-03,Printer,Office,South,Home Office,Cash on Delivery,6,9666.85,0,6896.66,4.1,10058.74,64455.04
100116,2022-07-27,Speaker,Accessories,South,Consumer,UPI,3,3146.52,0,13920.07,4.0,3269.74,14618.98
101671,2023-07-22,Laptop,Electronics,Central,Home Office,UPI,4,59205.12,15,8857.37,4.0,56360.14,211678.28
101779,2023-10-22,Headphones,Accessories,South,Corporate,Debit Card,5,2844.88,5,13303.74,4.8,2634.89,26088.69
100004,2023-02-21,Tablet,Electronics,West,Consumer,Credit Card,2,16529.38,10,10189.09,3.7,16131.97,34518.19
100651,2022-01-17,Speaker,Accessories,West,Corporate,UPI,3,3103.56,10,2184.62,3.0,3376.78,9329.67
100046,2022-08-02,Keyboard,Accessories,Central,Corporate,Net Banking,1,1117.88,10,2843.49,5.0,1130.84,5235.12
100328,2022-08-16,Laptop,Electronics,Central,Corporate,UPI,2,53294.3,10,1611.02,3.4,53180.03,99890.5
100278,2022-03-17,Monitor,Electronics,East,Home Office,Cash on Delivery,3,11230.63,0,3139.92,4.8,10286.37,39170.22
100455,2023-05-17,Mouse,Accessories,West,Home Office,Cash on Delivery,6,735.04,10,7503.67,3.2,721.51,4681.11
100447,2022-10-30,Monitor,Electronics,East,Consumer,Cash on Delivery,3,13571.23,0,11367.99,4.9,13401.18,65172.48
101435,2023-05-01,Keyboard,Accessories,Central,Home Office,Net Banking,7,1346.1,0,4068.14,3.9,1370.21,10150.8
101488,2022-11-15,Smartphone,Electronics,North,Corporate,Cash on Delivery,3,24041.61,15,12821.83,4.7,26363.08,89678.16
101610,2022-05-01,Keyboard,Accessories,South,Corporate,Debit Card,4,1250.02,5,11159.2,4.7,1233.0,10367.85
100744,2023-06-28,Tablet,Electronics,South,Home Office,Debit Card,4,17982.11,20,12222.67,3.8,17370.06,63418.91
101077,2022-07-14,Smartwatch,Wearables,West,Consumer,Debit Card,8,5963.94,15,748.27,4.2,6209.93,42562.09
100572,2022-05-26,Laptop,Electronics,West,Corporate,Debit Card,1,51653.9,20,6378.36,3.9,47196.2,52142.54
100474,2023-09-27,Tablet,Electronics,South,Consumer,Net Banking,4,18010.33,10,14460.38,4.0,17941.68,70002.56
100194,2022-07-12,Tablet,Electronics,West,Corporate,UPI,2,18400.66,15,9088.37,3.5,19278.39,37293.7
101796,2023-02-21,Monitor,Electronics,North,Consumer,UPI,3,12496.2,10,14068.02,4.8,12700.83,35179.09
100789,2022-02-12,Laptop,Electronics,South,Corporate,Debit Card,3,51675.79,0,10097.41,3.5,47672.96,137587.14
101520,2023-07-19,Tablet,Electronics,South,Consumer,UPI,4,20264.51,5,10343.81,3.8,20613.49,80535.79
101907,2022-05-22,Mouse,Accessories,West,Corporate,Net Banking,1,785.1,10,14621.23,4.3,747.27,3805.01
100375,2023-01-28,Speaker,Accessories,North,Corporate,Cash on Delivery,2,2915.55,5,4912.46,4.8,2957.72,8099.84
100737,2022-04-13,Laptop,Electronics,Central,Consumer,Net Banking,1,54000.56,0,2767.42,3.8,49550.4,67603.32
101793,2022-03-29,Headphones,Accessories,West,Corporate,Cash on Delivery,1,2449.18,0,11830.39,4.2,2272.63,10584.4
100392,2023-06-04,Printer,Office,Central,Home Office,Cash on Delivery,1,10230.53,0,3979.26,5.0,11072.66,14156.8
100869,2022-08-09,Speaker,Accessories,East,Home Office,Cash on Delivery,4,2931.94,10,13292.08,3.7,2941.35,16735.6
100431,2023-05-05,Tablet,Electronics,West,Corporate,Credit Card,5,18777.07,5,12906.04,3.1,19436.69,94357.33
100325,2023-06-25,Keyboard,Accessories,East,Corporate,Debit Card,2,1324.39,20,7946.01,4.1,1296.36,8277.24
100410,2022-11-02,Laptop,Electronics,West,Consumer,Credit Card,7,53979.47,15,6427.5,4.8,49441.46,461723.23
100868,2022-08-01,Smartwatch,Wearables,East,Corporate,Credit Card,2,5824.33,5,7906.67,4.4,6306.28,16512.69
100109,2023-11-12,Printer,Office,North,Corporate,UPI,2,10301.68,15,10666.96,4.4,11222.84,31958.11
100800,2022-01-27,Smartwatch,Wearables,East,Home Office,UPI,2,6837.52,5,9537.23,4.4,6434.46,20709.08
101586,2023-07-24,Smartphone,Electronics,North,Consumer,UPI,3,22455.73,15,2240.32,4.0,22600.28,60381.48
100860,2022-06-28,Smartwatch,Wearables,North,Consumer,Cash on Delivery,2,6036.96,0,6529.34,4.4,6381.35,13999.77
100470,2023-12-01,Tablet,Electronics,West,Corporate,Cash on Delivery,5,19805.27,10,3378.87,5.0,20876.39,126240.95
101701,2023-03-30,Tablet,Electronics,West,Consumer,Net Banking,5,20174.38,10,5868.69,4.4,20590.95,93230.17
101539,2022-12-06,Mouse,Accessories,East,Corporate,Net Banking,4,809.01,10,946.32,5.0,878.35,9913.87
101808,2022-01-01,Mouse,Accessories,North,Home Office,Debit Card,2,909.24,0,9166.41,4.9,997.68,7360.81
100095,2023-07-12,Smartphone,Electronics,Central,Corporate,Cash on Delivery,1,24238.31,5,8425.37,3.8,22617.98,30949.87
100593,2022-12-10,Keyboard,Accessories,North,Corporate,UPI,3,1360.84,0,10264.18,4.2,1274.85,11882.81
100861,2022-06-15,Smartwatch,Wearables,Central,Consumer,Debit Card,4,5815.35,0,3900.89,4.3,5615.42,24545.7
100019,2023-04-27,Monitor,Electronics,North,Consumer,Cash on Delivery,1,11205.5,20,8468.18,4.1,10783.76,15794.74
101555,2023-07-29,Speaker,Accessories,East,Consumer,Cash on Delivery,4,3249.84,10,14602.86,4.3,3569.35,18655.15
101038,2022-07-22,Monitor,Electronics,South,Corporate,Cash on Delivery,8,13737.7,10,10759.28,4.2,14386.1,102920.48
101867,2023-04-13,Smartwatch,Wearables,East,Home Office,Cash on Delivery,4,5891.09,0,5995.07,4.0,6072.1,32159.12
101897,2022-07-27,Headphones,Accessories,South,Home Office,Net Banking,3,2282.35,5,1948.92,4.0,2283.64,7461.65
101266,2023-07-17,Keyboard,Accessories,South,Consumer,Credit Card,3,1257.33,5,14680.39,4.0,1326.52,12960.1
100353,2023-08-05,Speaker,Accessories,North,Consumer,Net Banking,2,2794.6,5,4398.49,4.2,2816.51,8057.2
101832,2022-01-11,Mouse,Accessories,West,Home Office,Net Banking,1,768.2,15,12998.86,3.2,807.67,3699.46
100372,2023-06-18,Keyboard,Accessories,West,Home Office,Credit Card,6,1149.62,10,12444.29,3.9,1055.2,14866.54
101775,2023-02-05,Mouse,Accessories,Central,Home Office,Cash on Delivery,6,806.75,10,11821.06,3.7,874.61,8286.97
100222,2023-03-10,Tablet,Electronics,Central,Home Office,Credit Card,1,17021.06,20,6708.67,4.9,16568.17,20942.84
101295,2022-07-19,Headphones,Accessories,East,Corporate,UPI,3,2402.19,0,6910.2,4.1,2570.21,13312.64
101210,2022-04-05,Tablet,Electronics,North,Consumer,UPI,2,19681.51,0,2699.51,4.6,18073.24,45296.83
101047,2022-03-18,Headphones,Accessories,Central,Home Office,UPI,3,2657.51,10,11790.78,2.9,2905.73,14900.84
100698,2022-10-12,Headphones,Accessories,North,Corporate,UPI,4,2261.59,10,5571.7,4.6,2232.76,12416.71
100111,2022-06-17,Tablet,Electronics,North,Consumer,Credit Card,1,19433.04,15,3099.21,4.2,19030.99,23280.44
101862,2023-05-14,Headphones,Accessories,Central,Corporate,Debit Card,3,2756.09,15,7905.74,4.2,2964.99,7605.12
101697,2022-06-07,Tablet,Electronics,East,Home Office,UPI,2,19811.57,5,6179.77,5.0,18422.81,46601.27
101042,2022-03-07,Smartwatch,Wearables,North,Home Office,Net Banking,3,6497.66,10,11331.13,4.3,6315.69,19757.27
101124,2022-04-01,Speaker,Accessories,North,Home Office,Debit Card,5,3398.03,15,2506.38,4.3,3587.7,12616.65
100313,2022-01-18,Laptop,Electronics,East,Home Office,Credit Card,2,63190.12,5,7545.34,4.6,66991.87,93643.6
100287,2023-04-09,Headphones,Accessories,North,Corporate,Debit Card,3,2692.26,0,11750.22,4.5,2484.4,16215.53
100795,2023-10-03,Laptop,Electronics,Central,Corporate,Cash on Delivery,2,52857.81,5,7363.52,4.6,49248.21,154248.88
101084,2023-07-27,Laptop,Electronics,East,Home Office,Credit Card,2,58350.07,20,14684.24,3.4,54873.39,106940.54
100507,2023-09-11,Monitor,Electronics,Central,Consumer,Cash on Delivery,5,12054.39,5,8525.61,,13084.33,59560.21
101195,2022-03-29,Headphones,Accessories,South,Consumer,UPI,7,2500.22,15,8108.57,4.3,2547.0,21672.48
100430,2023-10-21,Printer,Office,Central,Corporate,Cash on Delivery,3,8182.42,0,12487.77,3.8,8795.93,41094.19
100742,2023-02-10,Tablet,Electronics,Central,Home Office,Credit Card,3,17124.03,0,13694.35,4.0,17827.6,47691.84
101286,2023-09-27,Smartwatch,Wearables,East,Home Office,UPI,6,5466.23,0,1529.34,3.3,4990.24,34767.22
101773,2022-02-27,Mouse,Accessories,North,Home Office,Debit Card,4,732.0,10,8930.39,4.5,664.26,6441.23
101636,2023-09-14,Keyboard,Accessories,Central,Home Office,UPI,3,1257.44,5,6107.04,3.2,1251.27,8671.61
100681,2023-03-02,Monitor,Electronics,South,Home Office,UPI,3,13499.95,10,14796.63,4.5,12204.54,45049.23
101389,2022-12-09,Mouse,Accessories,East,Consumer,UPI,2,870.56,0,2683.42,4.2,791.24,4974.31
100017,2023-05-05,Monitor,Electronics,West,Consumer,Net Banking,4,12397.44,10,2548.53,4.4,11957.4,47558.06
100603,2023-04-10,Headphones,Accessories,North,Home Office,Net Banking,3,2254.35,0,1961.7,3.7,2041.77,8612.6
101815,2023-11-04,Monitor,Electronics,North,Home Office,Debit Card,1,12663.72,5,3984.65,4.7,13516.66,18496.93
100578,2023-04-12,Laptop,Electronics,West,Corporate,Cash on Delivery,3,54974.56,5,14246.77,4.1,53093.54,165938.44
100492,2022-09-09,Tablet,Electronics,East,Corporate,Net Banking,2,17902.23,5,9640.77,4.0,18916.63,39044.34
101377,2023-03-10,Smartwatch,Wearables,West,Corporate,Credit Card,5,6507.64,20,699.29,5.0,6770.25,26649.28
101809,2023-02-08,Keyboard,Accessories,East,Corporate,Net Banking,4,1359.43,5,11090.13,3.3,1401.55,8808.96
100845,2022-03-07,Printer,Office,East,Corporate,Cash on Delivery,4,10227.91,10,11092.87,4.1,10160.39,41686.37
101752,2022-09-21,Monitor,Electronics,South,Home Office,Debit Card,3,12391.01,0,5427.19,4.0,12623.52,40732.19
101128,2022-01-16,Smartwatch,Wearables,North,Corporate,Net Banking,5,6577.65,0,11198.36,4.3,6682.75,32113.19
100054,2022-08-07,Smartphone,Electronics,East,Consumer,UPI,2,22331.97,15,8426.4,4.3,20593.3,46414.05
100263,2022-01-11,Headphones,Accessories,Central,Corporate,Credit Card,5,2779.54,0,14305.39,4.3,2678.32,19351.98
100101,2022-02-10,Headphones,Accessories,South,Home Office,UPI,1,2272.51,0,13068.17,3.2,2308.91,11885.84
100275,2023-05-24,Smartwatch,Wearables,Central,Consumer,Credit Card,3,6841.12,5,705.85,3.9,7105.06,17881.25
101866,2023-06-06,Smartwatch,Wearables,North,Home Office,Debit Card,2,5835.59,5,5517.79,3.3,6048.18,14294.4
101302,2023-07-26,Smartphone,Electronics,Central,Consumer,Credit Card,2,22381.85,10,12089.62,3.3,21999.96,46881.98
100249,2022-12-02,Keyboard,Accessories,West,Corporate,Net Banking,2,1258.93,5,889.58,3.6,1266.83,4932.04
100833,2023-12-06,Keyboard,Accessories,East,Corporate,Credit Card,4,1186.97,15,1143.03,4.8,1202.5,6075.08
101929,2022-08-30,Headphones,Accessories,Central,Home Office,Cash on Delivery,4,2857.31,0,11095.15,4.6,2960.07,13518.31
101805,2023-07-28,Mouse,Accessories,Central,Corporate,Net Banking,1,854.1,5,6335.03,3.9,881.76,500.0
101360,2022-04-06,Laptop,Electronics,West,Home Office,Debit Card,5,51919.2,15,4060.0,4.5,47826.65,231354.44
100344,2023-03-20,Headphones,Accessories,Central,Consumer,Credit Card,2,2302.73,10,10762.42,3.7,2268.79,9404.29
100640,2023-09-17,Monitor,Electronics,West,Home Office,Net Banking,6,12106.17,5,8847.93,5.0,12130.11,75566.95
100377,2022-04-11,Headphones,Accessories,West,Home Office,Debit Card,2,2471.88,5,7795.44,4.8,2657.15,7629.44
101405,2022-06-10,Mouse,Accessories,West,Consumer,Cash on Delivery,1,812.9,15,11029.94,4.8,751.17,7003.56
100423,2022-03-09,Laptop,Electronics,West,Corporate,Cash on Delivery,3,50883.52,0,10124.15,3.4,50477.5,160627.23
100060,2023-07-27,Laptop,Electronics,North,Corporate,Credit Card,1,51425.33,0,14587.22,4.0,48299.68,60646.46
101920,2023-01-15,Printer,Office,Central,Home Office,Net Banking,5,10315.8,15,9442.53,3.5,10774.65,39740.6
100756,2022-12-04,Laptop,Electronics,North,Corporate,Credit Card,1,54714.16,5,7266.0,4.5,53133.4,79813.59
100984,2022-01-09,Headphones,Accessories,Central,Corporate,UPI,2,2815.19,10,3820.86,3.2,3087.94,5060.9
100210,2022-08-20,Mouse,Accessories,East,Home Office,Credit Card,2,917.71,0,14533.14,4.4,847.0,9377.34
100281,2023-10-20,Smartphone,Electronics,South,Corporate,Net Banking,5,24474.71,5,7692.62,4.1,26856.03,162238.2
101665,2022-02-07,Keyboard,Accessories,South,Corporate,Debit Card,7,1229.23,10,4285.08,4.0,1338.29,7471.88
100649,2023-08-19,Printer,Office,East,Consumer,Credit Card,4,10239.1,5,715.6,3.5,11108.68,38394.77
101120,2023-12-16,Tablet,Electronics,Central,Corporate,Cash on Delivery,1,17820.09,15,10510.7,4.3,19218.01,22076.01
101624,2022-02-09,Speaker,Accessories,South,Corporate,Credit Card,1,2790.43,5,14696.51,4.5,2759.25,9771.73
101236,2023-11-07,Smartphone,Electronics,North,Corporate,Cash on Delivery,3,21279.68,20,4359.17,3.5,19701.05,76677.22
100983,2023-07-15,Speaker,Accessories,North,Consumer,Debit Card,3,2967.28,10,1003.48,4.3,2841.8,14628.46
101192,2023-08-29,Monitor,Electronics,West,Consumer,Credit Card,1,12182.23,20,5044.45,4.0,11429.29,15590.87
100899,2022-11-10,Smartwatch,Wearables,East,Consumer,Debit Card,1,6041.98,0,6752.41,4.1,6516.67,6233.8
100324,2023-08-12,Printer,Office,South,Home Office,Debit Card,4,8820.13,10,12132.61,3.3,8016.63,284774.08
101106,2022-06-27,Headphones,Accessories,West,Corporate,UPI,2,2594.59,0,6651.44,4.8,2606.62,9843.64
101698,2023-10-01,Smartwatch,Wearables,North,Corporate,Debit Card,1,5959.84,15,3487.4,3.1,6302.39,7647.51
100028,2023-01-17,Smartphone,Electronics,East,Consumer,Net Banking,1,25079.05,5,13489.31,3.6,24950.32,25097.77
100832,2022-02-14,Tablet,Electronics,South,Consumer,Credit Card,5,17681.04,5,4059.78,4.7,17537.18,72177.11
101028,2022-06-08,Speaker,Accessories,East,Home Office,UPI,3,2844.31,15,14486.41,3.5,3006.6,13645.22
101484,2022-11-10,Smartphone,Electronics,Central,Corporate,Cash on Delivery,5,24914.62,5,13863.41,4.2,26089.04,169490.12
101002,2023-09-01,Monitor,Electronics,South,Home Office,Debit Card,3,11498.59,5,14168.57,3.5,11792.46,38956.29
101789,2023-06-30,Laptop,Electronics,North,Corporate,Debit Card,2,54854.95,10,2043.29,2.4,51739.63,105770.6
100224,2023-06-03,Tablet,Electronics,North,Home Office,Net Banking,1,19745.87,15,4377.52,3.9,19927.23,24910.99
101842,2022-12-10,Monitor,Electronics,Central,Corporate,Credit Card,2,10990.66,10,7961.81,4.8,10999.23,32369.75
101182,2023-03-04,Mouse,Accessories,North,Corporate,Debit Card,5,731.68,0,14441.33,2.7,770.02,11261.33
100838,2022-02-08,Printer,Office,South,Home Office,Credit Card,6,8260.74,10,7910.26,4.0,7950.52,44842.92
101409,2022-01-12,Mouse,Accessories,West,Home Office,Net Banking,1,830.8,10,13484.4,3.9,755.87,7781.85
100933,2022-07-07,Printer,Office,East,Consumer,Cash on Delivery,4,8520.04,5,11093.12,4.2,8162.7,37565.99
100872,2022-03-06,Smartphone,Electronics,North,Home Office,Debit Card,4,23906.12,15,11179.17,4.0,22343.26,91876.77
101481,2022-11-14,Laptop,Electronics,Central,Corporate,Cash on Delivery,4,63059.93,0,5814.42,3.7,59870.21,362077.73
101102,2022-10-04,Keyboard,Accessories,North,Corporate,Cash on Delivery,2,1193.23,0,741.27,3.6,1074.39,7207.77
101965,2023-08-07,Monitor,Electronics,North,Home Office,Net Banking,2,11143.45,0,4601.39,4.8,11228.15,24045.18
100619,2023-08-07,Laptop,Electronics,West,Consumer,Cash on Delivery,5,60931.98,0,8418.43,4.0,58716.19,311068.86
101466,2023-01-26,Smartwatch,Wearables,Central,Corporate,Credit Card,6,5823.75,0,6778.76,3.9,6395.7,28303.13
101094,2022-11-25,Smartphone,Electronics,North,Home Office,Debit Card,2,24372.99,15,9674.3,3.7,25606.55,60341.08
100151,2022-02-09,Speaker,Accessories,Central,Consumer,Credit Card,2,3256.23,5,7506.12,3.8,3490.55,11079.63
100215,2023-04-11,Printer,Office,East,Consumer,Net Banking,2,9164.31,0,10640.42,4.8,9003.76,23134.15
100098,2023-05-10,Smartphone,Electronics,Central,Corporate,Net Banking,6,24394.74,10,5966.29,4.9,22179.98,141165.76
100768,2022-04-29,Smartphone,Electronics,Central,Consumer,UPI,3,20039.58,0,14580.55,3.9,21931.49,64101.39
101499,2023-08-05,Keyboard,Accessories,West,Consumer,Credit Card,3,1202.14,0,11885.12,,1226.77,8567.0
101764,2022-04-18,Headphones,Accessories,South,Consumer,Credit Card,4,2254.95,0,13359.21,4.1,2218.55,13486.09
100810,2022-03-27,Smartwatch,Wearables,North,Consumer,UPI,7,5460.03,0,3197.12,3.6,5307.22,39304.93
101480,2022-12-16,Headphones,Accessories,East,Home Office,Debit Card,1,2854.78,0,10541.88,4.2,2860.72,6055.62
100012,2023-10-10,Laptop,Electronics,West,Home Office,Credit Card,3,60938.12,10,1514.01,3.3,62069.28,231911.7
101594,2022-07-10,Monitor,Electronics,West,Home Office,Debit Card,1,11458.56,15,11140.08,3.7,12476.69,11753.1
101397,2022-08-03,Printer,Office,West,Consumer,Credit Card,2,8578.56,0,14294.17,4.3,7917.66,25049.28
100167,2022-04-21,Headphones,Accessories,North,Consumer,Cash on Delivery,3,2715.74,0,13490.32,3.8,2472.29,16095.95
100643,2022-02-21,Keyboard,Accessories,North,Corporate,Credit Card,2,1348.7,15,2523.14,4.5,1324.19,7584.55
101098,2022-03-13,Headphones,Accessories,East,Corporate,UPI,1,2705.58,0,1509.9,3.8,2957.2,4464.97
100188,2022-07-20,Smartphone,Electronics,West,Consumer,Net Banking,7,23283.76,15,6269.32,4.3,21727.95,148557.61
101088,2023-07-14,Tablet,Electronics,North,Consumer,Net Banking,5,19156.5,10,3256.83,3.7,19548.1,87778.96
100043,2022-05-22,Smartwatch,Wearables,South,Corporate,Net Banking,4,6248.0,5,14594.08,3.1,5765.77,33694.24
101989,2022-06-13,Keyboard,Accessories,Central,Consumer,Net Banking,3,1361.72,0,6274.74,3.3,1284.77,6840.91
100009,2023-09-29,Printer,Office,South,Corporate,Credit Card,4,9746.91,15,10235.66,4.5,9064.05,41699.69
101348,2023-04-01,Monitor,Electronics,Central,Corporate,Cash on Delivery,2,13213.87,5,12709.23,4.3,12446.06,33005.99
100147,2023-01-15,Mouse,Accessories,Central,Corporate,Net Banking,3,907.59,0,6091.17,4.0,865.58,3296.92
101592,2022-04-02,Tablet,Electronics,Central,Home Office,UPI,3,18721.85,0,8400.4,4.7,19564.55,60064.94
100013,2022-09-16,Tablet,Electronics,West,Consumer,Debit Card,1,17903.14,5,,2.9,18191.3,21850.89
100389,2022-10-30,Headphones,Accessories,North,Consumer,Cash on Delivery,1,2720.45,5,6978.2,4.5,2816.92,3855.96
101285,2022-02-22,Laptop,Electronics,West,Consumer,Credit Card,3,62315.63,10,12486.24,4.3,68190.7,125939.15
101670,2023-10-02,Speaker,Accessories,West,Consumer,Cash on Delivery,2,2856.81,0,10133.2,3.2,3085.21,17368.9
100674,2022-01-12,Tablet,Electronics,Central,Corporate,Net Banking,6,19330.38,20,10829.71,4.9,17553.06,82275.3
100978,2022-10-04,Laptop,Electronics,North,Home Office,Cash on Delivery,1,60466.99,0,10659.54,4.1,61641.87,85628.16
101206,2023-04-04,Mouse,Accessories,Central,Corporate,UPI,2,870.13,0,540.52,4.2,860.55,5538.18
101522,2022-01-27,Laptop,Electronics,South,Corporate,Credit Card,3,59417.68,5,12001.63,3.5,59465.0,144820.04
100975,2023-11-27,Smartwatch,Wearables,Central,Consumer,Credit Card,1,6229.49,0,3878.51,4.9,6214.36,11614.04
101269,2022-10-19,Laptop,Electronics,Central,Home Office,Cash on Delivery,1,53202.27,5,14228.68,3.5,53002.02,75699.89
100594,2023-02-15,Keyboard,Accessories,Central,Corporate,Debit Card,3,1283.95,15,1103.14,4.1,1193.76,4793.86
101331,2023-12-13,Tablet,Electronics,South,Home Office,Debit Card,3,19967.16,0,5413.22,4.6,18887.52,91601.72
100717,2023-02-24,Mouse,Accessories,South,Home Office,Debit Card,2,796.25,5,14291.62,3.9,725.29,11322.53
101390,2022-12-21,Keyboard,Accessories,South,Home Office,Debit Card,4,1368.12,0,,3.4,1411.29,19106.74
101385,2023-09-21,Smartphone,Electronics,West,Home Office,Debit Card,6,22353.45,0,13318.04,4.6,22776.91,136566.5
101800,2022-07-28,Laptop,Electronics,Central,Corporate,Cash on Delivery,1,50514.05,5,4524.22,4.0,54539.65,45203.49
101580,2023-07-01,Smartphone,Electronics,South,Consumer,UPI,1,23600.18,10,14997.42,3.9,24433.79,29460.73
101759,2023-05-07,Keyboard,Accessories,East,Consumer,Debit Card,5,1369.31,10,12525.35,4.2,1271.46,11041.16
100463,2023-05-13,Tablet,Electronics,West,Home Office,Credit Card,3,20351.58,5,5774.02,3.6,21139.22,61961.56
101118,2023-03-30,Speaker,Accessories,East,Home Office,Net Banking,5,3372.36,0,3831.15,2.9,3320.55,20040.75
101227,2023-10-13,Mouse,Accessories,South,Home Office,Cash on Delivery,1,867.42,15,2059.42,4.1,870.21,3100.55
100540,2023-09-07,Keyboard,Accessories,South,Consumer,Net Banking,1,1267.17,5,6330.9,4.5,1203.96,9907.49
100025,2022-08-20,Laptop,Electronics,South,Corporate,Debit Card,6,56628.11,0,11192.79,5.0,51437.27,356840.89
100630,2022-08-01,Smartwatch,Wearables,East,Corporate,Cash on Delivery,6,6518.25,5,9891.78,1.8,6090.38,44845.58
101463,2022-11-30,Speaker,Accessories,Central,Consumer,Debit Card,2,2885.3,15,13535.37,2.7,2697.84,10151.34
101346,2022-09-25,Smartwatch,Wearables,North,Corporate,Credit Card,3,5874.27,15,8411.8,4.3,6279.72,18962.98
100848,2022-09-14,Printer,Office,South,Corporate,UPI,5,8883.17,0,10710.24,4.4,8088.4,52546.08
100115,2022-11-18,Speaker,Accessories,Central,Corporate,Credit Card,2,3253.41,10,6629.57,3.4,3100.03,9203.23
100024,2023-06-30,Keyboard,Accessories,Central,Corporate,Net Banking,3,1198.34,5,11882.74,3.7,1243.43,11413.87
100370,2023-05-12,Speaker,Accessories,South,Corporate,Credit Card,1,3087.75,5,6312.79,4.7,2907.3,5531.51
100586,2023-01-28,Headphones,Accessories,North,Consumer,Net Banking,4,2381.97,5,790.17,4.2,2150.9,6736.38
100096,2023-09-12,Mouse,Accessories,West,Consumer,UPI,6,910.29,20,10819.98,4.1,866.51,10957.61
100565,2023-05-18,Monitor,Electronics,Central,Corporate,Credit Card,3,11033.52,5,10487.13,3.5,9947.34,39978.49
100972,2022-05-27,Speaker,Accessories,Central,Home Office,Debit Card,1,3066.48,10,13813.78,4.9,3126.39,8721.04
101453,2023-04-06,Speaker,Accessories,North,Corporate,Cash on Delivery,3,3404.37,0,9410.52,3.7,3096.62,16617.03
100099,2023-09-05,Speaker,Accessories,West,Corporate,UPI,3,3376.04,0,14856.25,4.1,3384.63,18590.68
101513,2023-03-22,Smartwatch,Wearables,South,Home Office,Cash on Delivery,4,5993.63,10,12511.35,4.5,5824.72,30320.35
101500,2023-03-28,Headphones,Accessories,Central,Corporate,Cash on Delivery,3,2438.8,0,6799.47,4.1,2518.41,9015.86
101927,2022-09-17,Keyboard,Accessories,Central,Home Office,Net Banking,4,1309.2,10,12344.99,4.2,1336.15,9684.93
100357,2022-05-18,Keyboard,Accessories,North,Consumer,Net Banking,3,1347.39,5,2605.76,4.4,1376.41,6951.73
101351,2023-03-12,Smartphone,Electronics,West,Home Office,Credit Card,3,22259.69,5,2249.77,3.2,22924.16,69818.59
100817,2022-12-21,Headphones,Accessories,South,Home Office,UPI,1,2315.59,0,2986.94,5.0,2177.8,8184.19
101623,2023-09-05,Speaker,Accessories,North,Home Office,Credit Card,3,3256.33,15,3200.05,3.9,3337.72,9619.56
101146,2023-05-14,Printer,Office,West,Corporate,Debit Card,5,9017.26,10,6235.88,3.5,8129.62,46173.07
101747,2022-11-07,Monitor,Electronics,Central,Consumer,Cash on Delivery,2,11604.6,0,13215.84,4.8,11654.63,40244.48
101806,2023-01-26,Laptop,Electronics,South,Consumer,Net Banking,2,56770.68,5,7397.9,3.6,52284.6,98586.76
101587,2022-08-27,Tablet,Electronics,East,Home Office,UPI,2,20382.08,5,12858.12,3.9,20485.33,46445.7
101716,2023-06-29,Smartwatch,Wearables,North,Home Office,Cash on Delivery,1,6725.23,5,1154.63,4.4,6100.59,7349.77
101226,2023-02-20,Laptop,Electronics,East,Home Office,Debit Card,2,61681.12,0,9635.72,3.3,67672.34,93497.33
100270,2023-06-12,Monitor,Electronics,Central,Home Office,Net Banking,4,11378.03,0,4818.96,4.0,10757.88,53455.54
100118,2023-09-02,Tablet,Electronics,Central,Home Office,Net Banking,1,19023.69,5,14075.87,,17960.2,27510.0
100117,2023-02-18,Tablet,Electronics,West,Home Office,Debit Card,4,19224.25,5,8123.47,5.0,18121.11,64036.11
101914,2022-01-21,Laptop,Electronics,West,Corporate,UPI,4,57164.41,15,9112.74,4.0,59395.4,157527.75
100556,2023-11-19,Printer,Office,North,Home Office,Debit Card,5,8882.41,15,3424.0,3.9,9511.9,55368.44
100684,2022-10-25,Keyboard,Accessories,West,Corporate,Debit Card,4,1297.14,15,12035.91,5.0,1424.31,14358.8
101241,2022-05-14,Printer,Office,South,Consumer,Debit Card,2,9231.9,5,3036.72,3.6,8652.81,24253.84
100506,2022-09-10,Speaker,Accessories,East,Consumer,Cash on Delivery,4,3153.37,0,13003.86,4.7,3263.24,17030.77
101702,2023-04-09,Monitor,Electronics,Central,Consumer,UPI,3,12498.56,10,12424.65,4.1,12683.19,43922.13
100164,2022-10-21,Smartwatch,Wearables,Central,Consumer,Net Banking,4,6275.41,5,5649.41,4.1,5780.72,37888.73
100740,2022-01-07,Monitor,Electronics,East,Consumer,Credit Card,1,10902.29,10,12647.21,3.7,9879.95,19399.21
101493,2023-09-29,Tablet,Electronics,South,Corporate,Cash on Delivery,4,20011.82,0,11221.49,3.8,19547.36,89496.68
101802,2022-03-26,Speaker,Accessories,East,Corporate,UPI,3,3280.86,0,6480.9,5.0,2998.07,18279.92
100465,2022-03-02,Printer,Office,West,Home Office,Debit Card,2,9474.54,5,12011.49,3.7,10065.54,24629.07
101157,2022-07-05,Mouse,Accessories,South,Home Office,UPI,8,860.1,0,12238.9,4.1,894.69,14416.89
101233,2023-09-16,Tablet,Electronics,West,Corporate,Net Banking,5,16999.65,20,11418.32,4.8,17158.79,73404.46
100142,2023-11-26,Mouse,Accessories,South,Consumer,Net Banking,8,808.46,10,6143.84,4.4,877.69,9562.53
100113,2022-05-20,Smartwatch,Wearables,East,Consumer,UPI,4,6575.64,0,6775.12,3.4,5992.49,34011.77
101072,2023-07-14,Smartwatch,Wearables,North,Corporate,Credit Card,4,5707.62,10,1824.56,4.4,5593.82,187483.44
101384,2022-07-25,Smartwatch,Wearables,North,Consumer,Credit Card,2,5541.73,10,12090.21,3.6,5752.06,16890.34
100378,2022-12-20,Printer,Office,South,Corporate,Credit Card,2,8339.74,10,,3.9,7670.37,25142.47
100063,2023-08-07,Laptop,Electronics,West,Home Office,Net Banking,7,58250.52,0,4235.3,4.2,60424.31,405758.86
100488,2022-08-23,Speaker,Accessories,North,Corporate,UPI,6,3169.63,10,9936.64,3.7,3154.45,22308.1
100637,2023-07-23,Mouse,Accessories,East,Corporate,Credit Card,1,873.31,10,13284.83,3.7,830.2,7750.01
100186,2022-10-23,Headphones,Accessories,West,Home Office,Debit Card,2,2344.86,15,14186.96,4.5,2262.24,12850.55
101345,2023-03-28,Printer,Office,North,Corporate,Cash on Delivery,2,8485.18,10,9145.02,,8300.11,20445.06
101275,2022-04-22,Laptop,Electronics,North,Home Office,Credit Card,1,55773.34,5,12616.03,3.7,50930.41,68602.23
100635,2022-11-06,Mouse,Accessories,North,Home Office,UPI,2,817.45,5,4146.94,4.7,775.73,7555.69
100294,2023-03-14,Mouse,Accessories,East,Consumer,Debit Card,3,907.53,5,6969.16,3.4,862.93,9285.58
100875,2022-03-21,Mouse,Accessories,South,Home Office,Net Banking,6,800.38,10,5585.42,4.4,869.78,5090.35
100453,2023-12-07,Mouse,Accessories,East,Home Office,Cash on Delivery,5,722.9,5,6332.98,3.4,712.79,7834.08
100286,2023-06-07,Tablet,Electronics,East,Consumer,Debit Card,3,18200.82,0,7014.39,4.3,16834.36,61556.01
101873,2023-10-03,Monitor,Electronics,South,Home Office,Cash on Delivery,1,12043.53,10,9825.0,4.5,11632.24,20833.18
101966,2022-10-30,Headphones,Accessories,North,Corporate,UPI,4,2661.96,15,11112.64,4.0,2917.66,15123.17
100300,2023-12-31,Printer,Office,South,Home Office,Credit Card,4,8763.34,5,8686.61,4.3,8352.66,52257.75
100841,2023-02-27,Speaker,Accessories,Central,Home Office,Net Banking,2,3228.81,5,8123.8,4.5,2923.68,7391.21
100315,2023-08-24,Monitor,Electronics,East,Home Office,Debit Card,3,11293.7,5,13935.49,3.7,11332.71,42167.14
100895,2022-09-23,Printer,Office,East,Corporate,Net Banking,6,8315.09,5,10307.76,4.1,8191.05,50677.46
100707,2022-09-07,Monitor,Electronics,South,Corporate,Credit Card,2,12594.71,15,6032.83,4.5,12281.48,29155.26
100359,2022-01-29,Printer,Office,East,Corporate,Net Banking,2,10346.76,0,12611.04,4.7,10459.79,22277.7
100130,2022-11-26,Laptop,Electronics,North,Home Office,UPI,3,57016.92,5,821.05,4.2,56967.93,230585.71
101137,2023-07-11,Monitor,Electronics,North,Consumer,UPI,2,13066.73,5,5473.84,5.0,13247.96,29042.8
100728,2022-10-12,Headphones,Accessories,Central,Home Office,UPI,5,2599.05,15,3718.93,4.8,2635.67,17738.73
100189,2023-10-20,Keyboard,Accessories,Central,Corporate,Cash on Delivery,3,1335.48,20,11039.16,3.1,1425.63,11468.96
100027,2023-03-18,Keyboard,Accessories,East,Home Office,UPI,2,1159.51,0,1691.49,4.5,1132.14,7838.12
101567,2022-04-04,Laptop,Electronics,West,Consumer,UPI,5,54186.58,10,,5.0,56169.61,248988.34
101923,2022-06-04,Smartphone,Electronics,East,Consumer,UPI,1,21775.03,15,6068.36,3.1,20791.38,23567.04
100918,2023-08-06,Mouse,Accessories,South,Corporate,Net Banking,2,873.12,15,10640.88,3.6,810.84,3325.17
100746,2023-09-19,Tablet,Electronics,South,Corporate,Credit Card,5,19220.01,0,9000.46,2.9,18072.63,104398.13
101228,2023-03-07,Printer,Office,West,Corporate,Debit Card,4,9688.59,5,13917.65,3.5,9708.74,42332.02
100947,2023-04-03,Laptop,Electronics,Central,Home Office,UPI,1,52952.34,5,11327.83,3.6,49622.48,62975.2
100757,2022-12-15,Printer,Office,East,Consumer,Credit Card,1,9461.57,10,,3.6,10180.47,15930.1
100738,2023-10-29,Smartphone,Electronics,West,Home Office,Cash on Delivery,2,22291.58,15,1950.46,4.6,20485.9,57987.84
101571,2022-07-13,Smartphone,Electronics,Central,Home Office,Debit Card,1,24294.75,0,4738.27,4.1,24650.89,27126.18
101171,2022-01-28,Monitor,Electronics,East,Consumer,UPI,1,11999.6,0,10362.57,3.5,11638.66,14940.37
100266,2023-09-02,Smartphone,Electronics,West,Consumer,Net Banking,5,21594.21,10,6209.45,3.4,22640.97,103187.24
101223,2023-09-20,Monitor,Electronics,Central,Consumer,UPI,3,12855.48,10,5690.53,4.3,13403.23,39448.67
101504,2022-11-21,Monitor,Electronics,Central,Consumer,Credit Card,3,12099.53,0,6054.76,5.0,11079.59,55315.71
100075,2022-05-27,Speaker,Accessories,West,Corporate,Credit Card,1,3265.97,5,4885.49,5.0,3306.93,4741.75
101443,2023-08-05,Keyboard,Accessories,South,Consumer,Credit Card,5,1090.15,15,2369.12,3.8,1062.97,7859.33
101308,2023-02-21,Headphones,Accessories,South,Corporate,Debit Card,5,2259.74,20,5843.68,4.8,2445.8,13309.24
101707,2022-11-16,Smartwatch,Wearables,West,Corporate,Net Banking,4,6696.58,0,6424.17,4.4,6212.79,43862.5
100948,2023-03-25,Tablet,Electronics,East,Home Office,Credit Card,1,16971.44,20,7293.93,5.0,15928.56,20924.84
101194,2022-07-07,Keyboard,Accessories,North,Corporate,Net Banking,4,1344.59,15,7842.31,2.7,1477.48,8080.16
101277,2022-03-19,Monitor,Electronics,Central,Corporate,Credit Card,5,12172.37,20,11370.19,3.3,12171.48,49732.09
101316,2022-05-03,Speaker,Accessories,North,Home Office,Debit Card,3,3003.54,15,9105.4,3.5,2904.97,10985.81
101333,2022-08-25,Smartphone,Electronics,South,Home Office,Debit Card,2,23414.67,20,9955.57,3.2,22537.0,47755.27
101051,2022-09-28,Keyboard,Accessories,East,Consumer,Net Banking,3,1165.49,5,12326.52,3.6,1175.43,5791.45
100180,2023-12-21,Headphones,Accessories,Central,Consumer,Debit Card,1,2641.54,0,4556.32,,2837.34,4797.73
100758,2022-08-20,Mouse,Accessories,North,Home Office,Credit Card,3,721.56,10,5178.69,4.4,692.62,6192.05
100657,2023-04-04,Smartphone,Electronics,Central,Home Office,Credit Card,3,24736.16,15,7881.71,2.9,25761.56,63084.79
101734,2023-03-07,Headphones,Accessories,East,Home Office,UPI,3,2277.05,0,1481.04,5.0,2366.27,8788.24
100376,2022-08-13,Printer,Office,West,Consumer,Credit Card,1,8741.67,10,13633.47,3.9,8064.79,17484.59
101900,2023-10-18,Tablet,Electronics,West,Home Office,UPI,5,16701.84,5,12980.51,4.2,18049.52,117540.5
100023,2023-02-27,Smartwatch,Wearables,South,Home Office,Debit Card,4,5496.93,0,5885.42,4.6,5496.19,19335.43
100346,2022-09-10,Mouse,Accessories,North,Corporate,Net Banking,2,850.19,15,6556.77,4.0,931.81,4923.64
101645,2023-12-19,Smartwatch,Wearables,North,Consumer,Credit Card,4,5579.08,0,8229.7,,6090.69,35633.78
101857,2022-02-06,Keyboard,Accessories,South,Corporate,UPI,3,1323.07,0,1000.1,4.3,1260.11,4838.24
101724,2023-06-23,Smartwatch,Wearables,Central,Home Office,Cash on Delivery,3,6679.16,5,5636.66,,6018.41,24293.59
100008,2022-03-25,Speaker,Accessories,Central,Corporate,Net Banking,3,3174.86,20,9223.37,4.1,3002.2,13324.36
100228,2022-06-14,Smartwatch,Wearables,North,Corporate,Net Banking,6,6658.28,10,10606.85,4.6,6958.4,40736.71
100489,2022-06-07,Printer,Office,South,Home Office,Debit Card,2,8461.36,0,5197.7,3.7,9019.25,19753.04
100213,2022-02-06,Headphones,Accessories,Central,Corporate,Credit Card,2,2592.87,5,8034.37,3.5,2402.56,12142.14
100835,2022-07-31,Smartwatch,Wearables,Central,Corporate,Debit Card,2,6668.97,15,7409.01,3.8,6025.5,18340.54
100688,2023-08-26,Tablet,Electronics,Central,Home Office,Debit Card,2,17040.36,5,8172.0,4.0,16288.68,40844.64
100449,2022-03-11,Speaker,Accessories,East,Home Office,Net Banking,3,3300.5,5,10222.84,3.5,3624.42,11028.13
101412,2022-06-02,Laptop,Electronics,West,Consumer,Debit Card,2,62839.62,5,3940.25,3.2,68922.16,110178.25
100015,2022-09-05,Keyboard,Accessories,West,Home Office,Cash on Delivery,4,1306.58,0,12477.98,4.5,1185.37,13999.44
101573,2023-04-20,Smartwatch,Wearables,West,Home Office,Credit Card,4,6315.41,0,10006.49,5.0,5986.51,30335.22
101783,2022-07-31,Printer,Office,Central,Consumer,Debit Card,2,9502.0,0,1151.05,4.4,8950.65,26295.48
101782,2023-12-14,Smartwatch,Wearables,North,Home Office,UPI,3,5958.82,10,5375.16,4.4,5640.73,30218.07
101457,2023-09-16,Mouse,Accessories,South,Consumer,Cash on Delivery,4,789.43,15,1011.88,4.1,778.77,5389.18
100957,2022-07-19,Smartphone,Electronics,South,Home Office,Credit Card,7,21542.35,20,11954.73,3.5,19539.71,132030.15
100546,2023-01-04,Keyboard,Accessories,West,Corporate,UPI,1,1286.09,10,8953.77,4.0,1163.51,4991.7
101162,2023-02-12,Laptop,Electronics,Central,Consumer,Cash on Delivery,1,50551.11,5,2497.89,4.0,51792.25,37913.63
100660,2023-06-16,Speaker,Accessories,South,Corporate,UPI,2,2719.22,20,12851.63,3.2,2513.45,11138.47
100354,2022-02-23,Monitor,Electronics,North,Home Office,UPI,1,11084.04,0,7737.96,3.7,11574.46,12738.9
100748,2023-02-06,Speaker,Accessories,Central,Corporate,Net Banking,5,3019.91,0,2110.26,3.5,3213.23,16017.52
100207,2022-03-08,Monitor,Electronics,Central,Consumer,UPI,2,12317.09,0,1531.76,5.0,13248.34,29602.36
101156,2022-10-24,Laptop,Electronics,South,Consumer,Cash on Delivery,5,52360.64,15,8123.94,3.9,47774.38,326990.76
100739,2022-05-25,Smartphone,Electronics,North,Home Office,UPI,4,20580.06,0,8216.28,4.0,20947.5,84716.82
101083,2022-10-19,Smartphone,Electronics,East,Consumer,Credit Card,3,20869.91,5,9557.22,4.5,19344.99,91755.41
100416,2022-06-30,Printer,Office,East,Consumer,UPI,4,10261.28,0,7881.69,3.8,10107.01,48078.28
101432,2022-08-08,Keyboard,Accessories,North,Home Office,Credit Card,3,1366.81,20,1956.23,4.0,1279.2,6363.7
101067,2022-06-01,Tablet,Electronics,East,Corporate,Credit Card,2,20031.98,0,2656.75,5.0,18334.28,47902.16
101598,2022-10-22,Printer,Office,West,Home Office,Debit Card,3,9894.43,0,9477.16,2.9,10344.69,45534.42
100701,2022-12-01,Tablet,Electronics,South,Consumer,UPI,4,18875.47,5,10421.32,3.6,18233.59,102944.03
100442,2023-06-01,Laptop,Electronics,West,Consumer,Credit Card,3,49927.03,5,11549.47,4.8,45268.11,158320.13
101426,2022-04-10,Laptop,Electronics,West,Consumer,Net Banking,2,53639.02,5,9465.54,,53940.09,105648.84
101449,2022-10-25,Smartwatch,Wearables,North,Home Office,Cash on Delivery,3,5984.32,5,3834.38,3.8,5876.74,24654.01
100536,2022-01-26,Smartphone,Electronics,West,Consumer,UPI,5,24418.71,20,4742.83,4.4,25449.81,79602.33
100348,2023-10-19,Keyboard,Accessories,West,Consumer,Net Banking,4,1231.05,0,13781.06,3.4,1257.25,14277.36
101420,2023-12-05,Smartphone,Electronics,East,Home Office,Net Banking,4,20895.89,20,3968.4,4.4,22566.27,90072.03
100403,2023-02-16,Smartwatch,Wearables,North,Home Office,Credit Card,5,5871.65,5,11083.39,5.0,6105.71,25779.73
100362,2023-11-07,Printer,Office,South,Home Office,Cash on Delivery,3,9781.9,5,7059.12,4.4,10710.73,39704.57
100026,2023-03-11,Printer,Office,East,Consumer,Cash on Delivery,1,10252.13,10,5622.15,3.5,10815.28,9162.52
101116,2023-02-20,Printer,Office,South,Home Office,Debit Card,2,8424.67,15,6447.38,4.4,8220.59,20991.84
101177,2023-10-24,Mouse,Accessories,East,Consumer,Debit Card,2,737.05,5,13380.67,5.0,707.34,9414.4
100177,2023-02-09,Tablet,Electronics,East,Home Office,Cash on Delivery,3,17449.74,0,13940.29,3.9,15738.57,49352.83
101937,2022-02-05,Smartwatch,Wearables,West,Corporate,Debit Card,3,5750.4,20,6086.18,4.0,5426.15,16232.55
100879,2023-04-28,Monitor,Electronics,Central,Consumer,Net Banking,5,12521.17,5,14307.44,5.0,12708.91,65501.91
101901,2023-12-13,Mouse,Accessories,West,Consumer,Net Banking,3,847.46,10,3536.96,3.9,785.72,5087.47
100755,2023-10-11,Mouse,Accessories,North,Home Office,Cash on Delivery,2,843.38,5,14878.17,,874.16,3483.33
100252,2022-03-25,Smartwatch,Wearables,East,Home Office,UPI,4,6045.52,0,10745.76,5.0,5678.54,32318.07
100414,2023-07-09,Laptop,Electronics,North,Corporate,UPI,2,62794.4,5,4897.57,3.7,68940.08,110210.38
100558,2022-07-23,Mouse,Accessories,South,Home Office,Cash on Delivery,1,859.06,5,13206.55,4.5,837.75,4300.79
100553,2023-08-07,Laptop,Electronics,Central,Home Office,UPI,1,60027.07,5,13269.69,3.2,58197.44,65589.35
100193,2023-05-23,Printer,Office,South,Consumer,Cash on Delivery,2,8410.53,0,12530.98,,7716.92,25299.87
101502,2022-06-20,Printer,Office,East,Corporate,Credit Card,4,8761.45,5,3615.77,3.9,8417.95,36922.82
100704,2023-12-05,Laptop,Electronics,West,Home Office,Net Banking,3,51334.24,10,3579.37,5.0,48076.19,203157.5
101491,2023-07-15,Laptop,Electronics,West,Corporate,UPI,2,50762.05,10,7050.65,4.2,51967.53,95718.51
100445,2022-08-11,Mouse,Accessories,West,Consumer,Debit Card,3,868.33,0,10104.39,4.4,803.76,6724.68
100788,2022-02-03,Speaker,Accessories,West,Consumer,Credit Card,1,2804.81,5,4619.97,3.8,2946.2,5991.47
101936,2022-12-10,Keyboard,Accessories,West,Home Office,UPI,8,1102.07,5,9547.19,3.9,1056.47,16422.88
101799,2023-04-18,Speaker,Accessories,South,Consumer,Net Banking,5,3104.74,5,7791.88,4.6,3384.12,21452.23
101464,2022-05-26,Keyboard,Accessories,East,Consumer,Debit Card,2,1081.73,5,7576.91,4.1,1062.61,4280.29
100451,2022-03-17,Smartphone,Electronics,South,Corporate,Cash on Delivery,3,20902.58,5,3489.94,5.0,21704.67,59811.74
101399,2023-02-03,Smartphone,Electronics,East,Home Office,Credit Card,1,20535.36,10,10107.71,4.6,21190.52,21231.37
100464,2022-08-29,Smartphone,Electronics,North,Corporate,Net Banking,4,23197.5,5,13464.32,4.8,24595.62,92451.38
100687,2023-01-17,Laptop,Electronics,North,Consumer,Debit Card,1,55019.85,10,13770.06,3.1,57249.55,37894.64
100458,2022-03-22,Monitor,Electronics,West,Home Office,UPI,4,13265.4,10,9152.48,3.4,12262.25,423880.16
101376,2022-02-11,Mouse,Accessories,South,Corporate,UPI,4,867.38,10,3596.57,3.3,829.84,6122.69
100943,2023-02-04,Headphones,Accessories,Central,Consumer,UPI,3,2465.66,0,14974.9,4.1,2442.03,12032.83
101617,2022-01-28,Smartwatch,Wearables,West,Corporate,Debit Card,4,6011.63,5,13468.34,4.1,5574.14,24431.14
100747,2022-05-29,Tablet,Electronics,Central,Home Office,Credit Card,4,17661.06,10,13003.4,3.3,19073.77,64455.37
100369,2023-02-08,Smartwatch,Wearables,West,Home Office,Net Banking,1,5918.44,15,4072.05,4.3,5626.31,10120.23
100484,2022-09-14,Keyboard,Accessories,South,Consumer,Cash on Delivery,1,1181.32,5,7873.81,3.0,1070.08,5245.59
101352,2022-03-13,Speaker,Accessories,West,Corporate,Cash on Delivery,1,2791.52,5,4812.5,4.0,2628.52,8329.36
101187,2022-03-16,Printer,Office,South,Consumer,Net Banking,4,8163.04,5,12052.89,4.0,8898.13,36059.44
100307,2023-01-09,Headphones,Accessories,Central,Corporate,Net Banking,2,2708.97,5,3591.46,3.7,2579.3,8720.86
100285,2022-08-15,Monitor,Electronics,East,Home Office,UPI,4,11113.25,5,8206.45,2.7,10960.35,44909.79
100623,2023-02-13,Keyboard,Accessories,North,Corporate,Net Banking,1,1208.36,0,9476.85,4.1,1089.27,4254.8
101473,2023-04-04,Mouse,Accessories,East,Home Office,Net Banking,4,762.02,0,3263.14,4.2,776.26,4413.86
100700,2022-08-19,Headphones,Accessories,Central,Corporate,Cash on Delivery,3,2510.44,0,1932.15,3.1,2724.1,7860.77
101810,2022-11-18,Smartphone,Electronics,West,Corporate,Cash on Delivery,3,20962.71,10,3774.47,2.9,22906.4,77779.95
100925,2022-09-09,Smartphone,Electronics,South,Corporate,Net Banking,2,20001.89,0,11593.13,4.7,20100.73,45707.53
101095,2023-04-13,Tablet,Electronics,East,Corporate,Debit Card,1,18422.94,5,8553.9,3.5,17159.44,26465.68
101709,2022-01-29,Printer,Office,East,Corporate,Credit Card,3,9293.71,10,9335.77,4.6,8491.42,29738.37
100953,2022-02-03,Keyboard,Accessories,South,Corporate,Net Banking,1,1197.88,10,7313.4,3.6,1136.78,4787.07
101946,2023-01-23,Laptop,Electronics,Central,Corporate,Net Banking,4,51109.43,10,2892.85,3.7,55489.06,144803.52
100715,2023-12-04,Keyboard,Accessories,South,Home Office,Credit Card,2,1251.9,5,4517.16,2.7,1272.87,2839.44
101912,2023-08-30,Tablet,Electronics,Central,Home Office,Credit Card,1,17762.18,0,14506.19,3.2,19225.96,25768.5
101257,2022-06-24,Mouse,Accessories,South,Corporate,Net Banking,3,796.8,10,6880.48,4.8,755.66,3012.74
100097,2022-06-03,Printer,Office,South,Home Office,Debit Card,1,9966.13,10,5648.1,3.6,10868.86,14107.35
101361,2023-01-13,Keyboard,Accessories,Central,Consumer,Credit Card,4,1217.36,5,2020.63,2.9,1202.08,6727.25
101073,2023-09-11,Tablet,Electronics,North,Home Office,Debit Card,3,18669.16,15,7955.47,3.8,18478.75,53113.31
100765,2022-10-15,Smartphone,Electronics,West,Corporate,UPI,4,21595.6,0,7712.03,4.3,21252.62,125725.39
100139,2022-07-26,Headphones,Accessories,South,Home Office,Cash on Delivery,3,2686.84,5,6769.02,4.3,2439.1,9542.53
100802,2023-09-27,Keyboard,Accessories,West,Corporate,Net Banking,2,1346.19,0,13351.29,5.0,1430.49,13458.24
100936,2022-02-21,Smartphone,Electronics,East,Home Office,Credit Card,4,20985.17,5,1474.36,4.7,20376.46,69985.12
101892,2023-01-31,Monitor,Electronics,South,Consumer,Credit Card,1,11509.67,0,5564.26,4.3,12193.43,11250.95
101438,2023-09-17,Speaker,Accessories,North,Home Office,UPI,5,2909.41,5,5936.65,4.4,2895.34,17205.08
101489,2022-02-25,Printer,Office,East,Consumer,Debit Card,4,9506.46,20,12592.26,5.0,9152.64,31939.98
101329,2022-04-08,Headphones,Accessories,East,Corporate,Credit Card,5,2589.84,5,,3.4,2517.06,16705.81
101666,2022-05-15,Tablet,Electronics,South,Corporate,Debit Card,2,20573.96,0,6451.41,4.0,20066.85,45736.79
101653,2023-01-26,Monitor,Electronics,South,Home Office,Net Banking,3,12587.91,5,4527.19,4.0,12619.79,33004.98
100128,2023-10-08,Mouse,Accessories,Central,Corporate,Cash on Delivery,3,802.84,10,13284.11,4.3,816.03,8044.93
100691,2023-03-31,Monitor,Electronics,Central,Corporate,Net Banking,1,11700.09,0,9261.47,4.4,11144.3,19622.16
100885,2023-08-27,Headphones,Accessories,Central,Consumer,Credit Card,3,2552.53,5,10678.25,4.1,2504.56,14066.05
101231,2023-06-03,Smartphone,Electronics,East,Consumer,UPI,2,24490.43,5,11612.87,4.4,26566.47,47666.65
101770,2023-03-28,Smartwatch,Wearables,West,Consumer,UPI,4,5651.37,5,8681.62,3.3,5840.69,28183.57
100522,2022-09-22,Monitor,Electronics,Central,Home Office,Credit Card,5,12162.68,0,12615.69,4.4,12706.62,67357.13
100264,2023-06-05,Speaker,Accessories,Central,Consumer,Net Banking,4,3401.55,10,14149.35,3.4,3699.64,21142.65
101159,2022-04-03,Headphones,Accessories,Central,Corporate,UPI,3,2370.69,0,13850.34,4.7,2510.09,15825.73
101436,2022-02-12,Laptop,Electronics,East,Consumer,Net Banking,5,55195.86,0,3913.08,5.0,57866.97,218451.29
101591,2022-06-19,Mouse,Accessories,South,Consumer,Credit Card,1,912.47,5,10148.14,3.7,995.1,6197.9
100631,2022-12-17,Printer,Office,East,Home Office,Credit Card,2,8497.7,15,8662.05,3.5,8589.21,23596.04
100498,2023-01-08,Monitor,Electronics,Central,Home Office,UPI,6,11245.55,5,7509.18,3.6,10487.1,54594.0
101980,2022-03-10,Printer,Office,Central,Home Office,Credit Card,5,9757.64,0,12663.56,4.5,10471.82,54325.18
101363,2022-05-31,Smartphone,Electronics,North,Corporate,UPI,7,22636.91,20,7611.67,4.3,20696.5,136310.62
101660,2023-04-09,Smartwatch,Wearables,South,Home Office,UPI,3,5684.9,0,14274.51,5.0,6076.07,28553.02
101152,2023-02-04,Laptop,Electronics,West,Corporate,Net Banking,4,53872.93,0,4434.18,2.2,49323.31,182466.15
100432,2022-02-06,Headphones,Accessories,South,Corporate,UPI,2,2808.81,15,1299.77,4.5,2611.13,2612.81
101158,2022-01-19,Speaker,Accessories,North,Corporate,Net Banking,2,3336.94,0,945.92,4.4,3476.23,8512.3
101240,2023-10-17,Keyboard,Accessories,East,Home Office,Net Banking,3,1323.47,5,5373.76,4.5,1310.99,8838.79
100068,2022-04-28,Printer,Office,East,Corporate,UPI,3,9068.69,0,13406.41,3.5,8207.98,34509.43
100935,2023-10-28,Smartwatch,Wearables,North,Corporate,Net Banking,5,6615.6,5,10673.19,2.9,6959.89,45382.05
101039,2023-07-09,Laptop,Electronics,West,Corporate,Credit Card,4,49502.41,0,13297.96,3.9,51306.29,200491.41
101199,2022-12-08,Smartwatch,Wearables,Central,Home Office,Debit Card,3,6129.92,20,11123.94,4.0,6712.96,24748.39
101853,2022-11-24,Mouse,Accessories,East,Corporate,Net Banking,3,871.28,0,3042.25,5.0,852.95,8820.33
100573,2022-03-15,Monitor,Electronics,West,Corporate,Cash on Delivery,4,13544.26,0,1298.05,5.0,12807.02,58811.23
100334,2023-06-05,Smartphone,Electronics,Central,Consumer,Net Banking,3,22329.9,0,,3.0,23326.07,70118.2
100338,2023-05-05,Smartwatch,Wearables,South,Corporate,Net Banking,5,5968.06,15,9841.09,4.6,6438.31,30899.93
101343,2023-12-31,Headphones,Accessories,West,Consumer,UPI,1,2324.43,0,12648.33,4.0,2096.72,9417.16
100664,2023-07-17,Monitor,Electronics,West,Home Office,Net Banking,1,13257.69,0,12904.55,4.9,12337.31,18906.97
100383,2023-06-15,Keyboard,Accessories,South,Corporate,Credit Card,2,1294.54,0,4942.78,3.8,1275.77,4877.02
101814,2022-11-12,Smartwatch,Wearables,South,Corporate,Net Banking,2,5724.94,0,6122.79,3.9,6104.67,21485.69
100055,2023-09-06,Headphones,Accessories,North,Consumer,Debit Card,4,2753.07,0,14460.75,3.5,2934.44,19632.76
101643,2022-03-30,Speaker,Accessories,North,Home Office,Credit Card,2,3167.1,0,2345.03,4.2,3163.35,8353.47
100971,2022-05-17,Keyboard,Accessories,North,Corporate,Debit Card,1,1160.51,5,1610.75,3.6,1107.75,6688.37
100699,2023-04-03,Smartphone,Electronics,East,Consumer,Net Banking,5,21575.48,5,2635.47,4.7,21235.41,106182.47
101535,2022-03-15,Tablet,Electronics,North,Home Office,UPI,1,18281.66,0,12688.29,3.8,17617.25,27177.32
100721,2023-10-06,Keyboard,Accessories,South,Consumer,Net Banking,4,1286.87,5,3489.12,3.7,1337.16,9483.22
101682,2022-12-27,Smartphone,Electronics,East,Consumer,Debit Card,2,24527.21,0,521.03,4.0,22527.68,74534.24
100170,2023-07-29,Keyboard,Accessories,West,Home Office,UPI,2,1186.4,5,6346.51,4.3,1212.94,7427.6
101150,2023-07-01,Headphones,Accessories,East,Home Office,Credit Card,4,2280.57,5,12878.59,4.2,2313.47,18477.96
100956,2022-11-21,Smartphone,Electronics,Central,Corporate,Cash on Delivery,2,22929.76,0,7946.07,3.4,21890.26,71633.21
100326,2023-04-11,Tablet,Electronics,Central,Home Office,Cash on Delivery,4,18413.68,5,3955.89,4.1,17802.51,77538.18
100503,2022-07-31,Smartwatch,Wearables,South,Consumer,Credit Card,1,5869.02,0,770.38,3.9,6192.97,8045.08
101836,2023-06-05,Keyboard,Accessories,South,Consumer,Cash on Delivery,1,1291.85,0,4053.88,4.8,1374.22,3091.36
100409,2023-06-20,Keyboard,Accessories,South,Consumer,Debit Card,1,1259.97,10,12469.15,4.1,1268.88,6158.92
101413,2022-09-24,Speaker,Accessories,Central,Home Office,Net Banking,4,3363.09,10,3478.39,4.7,3097.08,14886.93
100297,2023-06-21,Headphones,Accessories,North,Home Office,Debit Card,2,2570.52,0,5264.27,3.1,2712.87,10132.84
100892,2022-12-21,Speaker,Accessories,West,Home Office,UPI,4,2810.19,5,14673.38,3.7,2673.38,19706.24
100829,2023-08-09,Mouse,Accessories,South,Home Office,UPI,3,790.58,5,6985.73,4.5,825.31,8044.16
101940,2023-06-22,Headphones,Accessories,North,Corporate,Credit Card,3,2544.91,5,8638.57,3.6,2436.68,15737.29
100840,2023-02-18,Laptop,Electronics,Central,Home Office,Debit Card,3,54684.24,0,11500.24,4.8,54198.76,139546.54
101087,2022-05-23,Smartwatch,Wearables,North,Corporate,Net Banking,4,5452.55,10,8087.24,3.8,5796.57,25468.22
100734,2023-03-28,Smartwatch,Wearables,West,Consumer,UPI,3,6862.31,10,6553.11,4.7,7246.55,24020.07
100671,2023-09-19,Speaker,Accessories,North,Consumer,Cash on Delivery,7,3123.06,5,2499.53,3.1,2843.46,25414.85
100648,2022-01-24,Headphones,Accessories,West,Home Office,Debit Card,3,2801.28,5,9039.68,4.6,2576.73,10265.49
100442,2023-06-01,Laptop,Electronics,West,Consumer,Credit Card,3,49927.03,5,11549.47,4.8,45268.11,158320.13
101684,2023-08-16,Tablet,Electronics,West,Home Office,Debit Card,1,17477.36,0,12091.24,5.0,15913.8,25270.94
101542,2022-05-05,Mouse,Accessories,South,Home Office,Credit Card,3,739.16,5,9027.49,3.0,760.01,5173.81
101971,2023-03-17,Headphones,Accessories,North,Home Office,Cash on Delivery,3,2338.24,15,4855.0,3.6,2556.39,5932.11
100716,2023-12-11,Mouse,Accessories,South,Home Office,UPI,3,816.34,5,14799.61,3.9,853.45,12861.71
100718,2022-08-21,Laptop,Electronics,South,Home Office,Cash on Delivery,6,57396.22,15,10477.65,3.9,62050.93,287932.82
100531,2023-10-09,Laptop,Electronics,North,Corporate,Cash on Delivery,4,57913.68,5,10678.23,4.4,58059.42,315531.37
100407,2022-01-23,Headphones,Accessories,South,Home Office,Debit Card,2,2632.28,5,10863.18,3.9,2840.28,7846.86
100199,2022-06-13,Printer,Office,Central,Home Office,Credit Card,1,9223.43,0,2155.03,4.3,8301.43,13910.92
100473,2023-10-24,Headphones,Accessories,Central,Consumer,Cash on Delivery,4,2594.46,10,2159.35,,2524.89,14918.56
101267,2023-10-14,Speaker,Accessories,South,Corporate,Credit Card,1,2766.56,0,13371.05,3.5,2885.83,8928.68
101205,2022-11-10,Printer,Office,East,Consumer,UPI,1,10252.24,20,3430.02,3.9,9918.19,13376.36
100828,2022-07-04,Mouse,Accessories,East,Home Office,Debit Card,2,757.36,5,14803.18,5.0,828.45,7126.51
100216,2022-06-26,Smartwatch,Wearables,South,Consumer,Cash on Delivery,1,6028.65,5,7948.76,3.0,6311.52,9378.97
100253,2022-09-24,Laptop,Electronics,South,Consumer,Cash on Delivery,4,59072.65,0,1844.36,4.9,54363.14,249068.47
100152,2022-08-12,Smartphone,Electronics,West,Home Office,Credit Card,1,25032.95,0,8732.05,3.9,25757.63,33959.15
101276,2023-06-08,Monitor,Electronics,Central,Consumer,Credit Card,1,12782.25,0,2377.21,3.1,13208.73,15701.47
101090,2023-12-09,Keyboard,Accessories,East,Home Office,Cash on Delivery,2,1155.33,0,9884.53,3.8,1140.24,14483.73
100930,2022-10-04,Smartphone,Electronics,North,Consumer,Cash on Delivery,8,22504.28,15,4870.28,4.0,23976.04,214728.36
101256,2023-06-11,Tablet,Electronics,North,Consumer,Credit Card,2,17836.93,15,2974.17,3.7,19359.88,27798.88
101444,2022-12-28,Tablet,Electronics,North,Consumer,Cash on Delivery,7,20531.58,15,12639.05,4.5,18813.19,182602.35
101338,2023-10-15,Headphones,Accessories,West,Consumer,Credit Card,1,2622.62,20,9336.41,4.5,2621.28,10646.11
101767,2023-10-04,Keyboard,Accessories,Central,Home Office,Debit Card,2,1338.48,10,6281.21,4.4,1253.97,5523.92
101614,2022-07-10,Mouse,Accessories,West,Consumer,Credit Card,9,727.95,0,14500.43,4.8,722.86,13790.36
101885,2022-01-09,Printer,Office,East,Home Office,Debit Card,1,8470.67,10,2414.83,3.9,9221.45,3964.73
100530,2022-07-20,Speaker,Accessories,West,Home Office,UPI,5,3019.17,5,10337.08,3.2,2877.46,22960.57
101403,2023-02-23,Mouse,Accessories,South,Consumer,Net Banking,3,739.03,0,13306.16,4.2,680.05,9687.98
101298,2022-07-02,Smartphone,Electronics,East,Corporate,UPI,3,20846.99,0,14241.61,4.2,22364.02,66773.44
100240,2023-03-10,Keyboard,Accessories,East,Corporate,Debit Card,5,1244.11,0,5971.77,3.8,1187.88,10133.91
101010,2023-12-22,Speaker,Accessories,West,Corporate,Credit Card,3,2961.44,5,6540.66,4.0,2868.41,16102.2
101743,2023-05-08,Speaker,Accessories,West,Corporate,UPI,3,3251.89,5,1754.7,3.7,3405.67,12908.87
100187,2022-10-30,Mouse,Accessories,North,Corporate,Debit Card,1,841.2,15,1152.45,3.6,837.59,5710.85
100246,2022-10-01,Mouse,Accessories,South,Consumer,Credit Card,3,898.05,0,555.64,5.0,912.23,6567.3
100905,2022-01-03,Printer,Office,East,Consumer,Credit Card,1,9975.62,0,9645.95,5.0,10826.96,13185.32
101820,2023-07-31,Smartphone,Electronics,North,Corporate,Cash on Delivery,1,22461.4,10,11674.28,4.6,21001.35,30636.91
101044,2023-11-20,Monitor,Electronics,West,Consumer,Net Banking,1,11970.87,10,4188.21,3.7,12181.78,17777.29
100901,2023-05-13,Tablet,Electronics,North,Consumer,Debit Card,1,17282.3,0,14442.9,4.2,16841.49,203116.24
100692,2022-12-26,Tablet,Electronics,West,Corporate,Cash on Delivery,1,18968.07,0,9384.47,4.2,18873.58,31792.92
100302,2023-10-02,Speaker,Accessories,East,Consumer,Cash on Delivery,5,2877.64,0,2306.92,3.3,2715.51,21664.04
100283,2022-02-21,Headphones,Accessories,South,Home Office,Credit Card,3,2479.17,5,14658.62,3.4,2482.11,10691.5
100898,2023-07-07,Printer,Office,North,Home Office,Credit Card,3,10034.67,10,4055.83,4.5,10664.11,31055.6
100505,2022-11-24,Smartwatch,Wearables,South,Home Office,Debit Card,3,6360.38,15,6562.91,4.0,6933.29,25120.83
101931,2023-07-27,Speaker,Accessories,South,Consumer,Net Banking,5,3048.97,10,12980.79,4.7,3338.7,15138.73
100321,2022-01-02,Printer,Office,South,Consumer,UPI,2,9319.53,5,7735.04,4.2,9325.54,17984.0
101478,2022-03-18,Smartwatch,Wearables,North,Home Office,Net Banking,5,6561.54,0,7822.89,4.4,6106.05,37981.57
101261,2022-01-08,Smartphone,Electronics,North,Corporate,Credit Card,2,22714.15,0,9381.54,3.2,24674.85,35060.82
101167,2022-01-13,Laptop,Electronics,North,Consumer,UPI,8,52288.08,0,10556.66,4.0,51004.78,343755.86
100621,2023-06-09,Keyboard,Accessories,East,Consumer,Net Banking,4,1221.32,5,4997.13,2.8,1204.8,6001.8
101913,2022-01-19,Smartphone,Electronics,East,Home Office,UPI,3,22258.25,10,9426.38,4.6,23563.22,52961.85
101916,2022-05-25,Laptop,Electronics,East,Consumer,UPI,5,60846.75,15,11322.23,4.6,58610.62,266609.42
100122,2023-11-25,Monitor,Electronics,East,Consumer,Credit Card,1,13162.12,5,13168.98,4.7,13160.62,25339.92
101988,2023-09-13,Smartwatch,Wearables,East,Corporate,Cash on Delivery,4,5973.45,5,3950.08,4.3,5710.54,28300.22
100510,2023-10-30,Keyboard,Accessories,South,Home Office,Net Banking,7,1274.56,0,9289.93,3.8,1348.66,17538.1
100280,2023-12-19,Printer,Office,West,Corporate,UPI,3,8210.91,5,5625.36,4.0,7916.52,33330.94
101750,2023-04-08,Speaker,Accessories,South,Home Office,Net Banking,2,2949.22,0,11395.56,3.8,2772.09,9956.3
101731,2023-05-24,Keyboard,Accessories,East,Corporate,Debit Card,2,1249.59,0,2040.92,4.2,1193.38,6172.53
101388,2023-12-24,Speaker,Accessories,Central,Corporate,Cash on Delivery,4,2892.74,20,5000.27,3.5,3070.27,14974.76
100993,2022-01-23,Monitor,Electronics,East,Corporate,Credit Card,3,12047.25,5,8870.94,5.0,11497.34,36601.26
101033,2022-02-04,Printer,Office,South,Consumer,Debit Card,3,9219.93,5,5227.34,3.6,9619.45,24558.41
101186,2023-01-10,Smartphone,Electronics,West,Corporate,UPI,2,21798.33,0,7238.73,3.8,22953.04,38456.28
100677,2022-10-17,Speaker,Accessories,South,Corporate,Net Banking,2,3314.37,20,5278.36,5.0,3459.17,8517.23
100518,2023-09-15,Laptop,Electronics,South,Corporate,Net Banking,3,54161.17,0,8506.33,3.6,51115.08,175278.31
101350,2022-03-29,Smartphone,Electronics,Central,Corporate,Cash on Delivery,5,24454.89,15,793.6,4.6,22896.56,109815.56
101511,2023-08-20,Printer,Office,East,Home Office,Credit Card,2,9606.22,0,7090.25,3.9,9861.14,22126.48
100067,2023-09-03,Monitor,Electronics,East,Corporate,Net Banking,1,13385.23,5,3781.05,3.5,13597.43,11052.73
100332,2022-06-15,Headphones,Accessories,West,Corporate,Debit Card,4,2797.46,10,2937.71,2.5,2867.45,17307.09
100568,2023-04-10,Headphones,Accessories,South,Consumer,Debit Card,2,2853.81,15,4626.85,3.8,3127.17,3470.27
101173,2022-05-15,Monitor,Electronics,South,Consumer,Debit Card,2,11403.9,5,14364.9,4.6,10895.95,31091.33
101198,2023-07-15,Headphones,Accessories,North,Home Office,Cash on Delivery,1,2497.25,5,8764.2,4.6,2385.78,10306.48
101433,2023-07-27,Keyboard,Accessories,North,Home Office,Credit Card,4,1304.02,15,2068.71,4.4,1264.1,8730.79
101074,2022-09-13,Speaker,Accessories,Central,Home Office,Debit Card,1,3376.62,5,10649.41,4.4,3635.0,9697.62
100472,2022-03-02,Printer,Office,Central,Home Office,Debit Card,1,9270.41,5,8636.69,5.0,8590.97,15439.87
101510,2023-10-12,Headphones,Accessories,East,Home Office,Credit Card,1,2340.71,5,1396.33,3.5,2293.8,8646.48
100511,2022-03-31,Smartphone,Electronics,East,Corporate,Credit Card,6,21104.9,0,7814.11,4.1,19280.58,138450.07
100477,2023-06-09,Tablet,Electronics,North,Corporate,Cash on Delivery,6,20614.44,20,13522.8,3.6,18990.54,111476.9
101427,2022-04-03,Tablet,Electronics,North,Corporate,Cash on Delivery,4,17453.62,0,14051.52,3.5,16719.1,77887.08
101401,2023-01-29,Smartwatch,Wearables,East,Corporate,Debit Card,3,6239.02,10,14087.44,3.8,6329.64,21375.36
100318,2022-07-11,Speaker,Accessories,North,Home Office,Debit Card,4,3005.95,20,9926.64,4.3,3245.84,12992.27
100955,2023-07-01,Keyboard,Accessories,East,Home Office,Cash on Delivery,3,1205.73,5,2632.51,4.6,1303.0,8145.27
101719,2022-05-13,Headphones,Accessories,North,Consumer,Debit Card,6,2463.48,0,11482.06,3.7,2623.42,23134.71
101201,2022-04-03,Laptop,Electronics,Central,Consumer,UPI,2,49858.42,5,2746.89,4.8,50105.25,97893.68
100581,2022-06-27,Smartphone,Electronics,North,Consumer,Debit Card,2,20733.38,10,11666.29,5.0,21711.73,41313.92
100132,2023-08-21,Mouse,Accessories,North,Consumer,Credit Card,4,756.69,15,13297.12,3.6,739.71,8933.64
101725,2022-11-21,Monitor,Electronics,North,Home Office,Debit Card,3,10972.59,0,7004.25,3.7,11297.12,47883.55
101005,2022-08-02,Headphones,Accessories,West,Consumer,Credit Card,4,2477.64,10,12994.33,4.2,2632.65,14701.16
101939,2022-07-26,Smartwatch,Wearables,East,Home Office,Net Banking,4,6183.55,10,13229.1,3.1,6217.16,24837.79
101790,2023-11-21,Keyboard,Accessories,Central,Consumer,Cash on Delivery,3,1198.13,10,13620.36,3.8,1173.36,11505.28
101952,2022-06-16,Headphones,Accessories,South,Home Office,Cash on Delivery,3,2869.1,10,5766.31,4.4,3088.14,8432.24
100368,2023-10-28,Printer,Office,South,Corporate,UPI,1,9741.18,5,5705.51,3.8,10317.79,18140.38
100732,2023-06-26,Headphones,Accessories,Central,Corporate,Cash on Delivery,4,2400.67,0,13353.45,3.7,2218.1,15644.78
101210,2022-04-05,Tablet,Electronics,North,Consumer,UPI,2,19681.51,0,2699.51,4.6,18073.24,45296.83
100125,2022-03-10,Headphones,Accessories,East,Home Office,Net Banking,1,2827.85,5,8524.01,4.6,2588.41,6715.51
100857,2023-09-19,Speaker,Accessories,South,Consumer,Credit Card,6,3129.92,20,4718.9,4.1,2841.84,22209.98
101041,2023-01-14,Tablet,Electronics,West,Corporate,Credit Card,4,16229.2,10,14093.27,4.4,17029.17,50011.75
100256,2022-08-24,Monitor,Electronics,South,Consumer,Cash on Delivery,4,13011.4,0,7384.15,4.5,11741.49,58955.24
101969,2023-12-26,Smartwatch,Wearables,West,Home Office,UPI,1,5760.14,0,4836.28,3.1,6268.14,11043.33
101548,2023-08-21,Headphones,Accessories,South,Consumer,UPI,4,2698.25,5,789.02,4.9,2488.02,16266.41
100289,2023-09-02,Smartphone,Electronics,North,Corporate,UPI,3,23372.56,15,12508.7,3.7,21560.7,69847.61
101283,2022-03-24,Laptop,Electronics,South,Consumer,Debit Card,4,52511.22,0,11331.51,3.1,53101.84,214465.54
100777,2022-07-27,Printer,Office,Central,Corporate,UPI,2,9308.43,15,1217.53,4.3,9525.76,19471.83
100081,2022-08-19,Mouse,Accessories,East,Corporate,Cash on Delivery,4,791.56,10,2282.35,4.1,783.54,7721.9
100053,2022-05-23,Laptop,Electronics,East,Corporate,Credit Card,1,53679.26,10,14105.42,4.3,56775.99,50183.15
101599,2022-05-29,Monitor,Electronics,Central,Home Office,Cash on Delivery,3,12390.71,0,1865.79,5.0,12173.31,41189.11
101479,2023-07-06,Headphones,Accessories,East,Consumer,Credit Card,2,2620.01,0,3819.43,4.4,2619.34,6666.42
100557,2022-01-25,Laptop,Electronics,South,Home Office,UPI,2,56446.01,5,12180.92,4.3,59615.85,88602.62
100040,2022-02-18,Speaker,Accessories,East,Consumer,Cash on Delivery,4,3377.93,15,11813.09,3.8,3309.59,14667.09
101714,2023-05-18,Tablet,Electronics,East,Corporate,Net Banking,6,18252.3,10,8957.79,3.8,17587.09,102886.57
100261,2022-09-16,Monitor,Electronics,Central,Home Office,Cash on Delivery,3,10848.08,20,5966.3,3.7,11245.37,29541.53
100992,2022-12-24,Speaker,Accessories,Central,Home Office,Net Banking,1,3048.54,20,10330.97,3.9,3088.41,8757.3
100912,2023-06-19,Smartphone,Electronics,South,Home Office,Net Banking,1,20019.63,15,3541.22,4.6,21005.66,17824.61
100083,2023-12-17,Smartphone,Electronics,South,Home Office,UPI,1,20839.72,10,10868.06,4.6,21186.77,32085.9
101121,2022-09-16,Headphones,Accessories,South,Corporate,Credit Card,3,2491.56,0,2519.94,4.8,2534.91,9744.1
100447,2022-10-30,Monitor,Electronics,East,Consumer,Cash on Delivery,3,13571.23,0,11367.99,4.9,13401.18,65172.48
101553,2022-05-11,Speaker,Accessories,East,Home Office,Cash on Delivery,5,3057.65,15,1115.38,3.1,2888.28,17224.32
100824,2022-02-10,Headphones,Accessories,South,Home Office,Credit Card,1,2553.97,0,3386.9,3.5,2359.14,6936.67
100030,2023-12-26,Monitor,Electronics,West,Corporate,Net Banking,2,13777.25,10,5095.38,3.9,13898.53,39308.42
100513,2023-10-26,Laptop,Electronics,West,Home Office,Credit Card,2,59720.83,0,7085.43,4.2,58420.02,174311.29
101081,2023-07-16,Mouse,Accessories,East,Home Office,Cash on Delivery,3,899.52,0,14315.11,4.4,845.49,10356.15
101297,2023-01-23,Monitor,Electronics,West,Corporate,Debit Card,2,12345.25,10,9747.82,4.9,11671.26,26333.74
101675,2022-03-01,Keyboard,Accessories,East,Corporate,Debit Card,5,1375.73,15,13097.73,3.5,1246.69,13598.3
101022,2022-09-12,Smartphone,Electronics,East,Consumer,Cash on Delivery,2,21227.18,10,4204.79,3.7,22927.87,40350.61
101221,2023-07-17,Keyboard,Accessories,South,Home Office,Net Banking,2,1203.18,20,6821.05,4.5,1203.31,9843.7
101305,2022-10-10,Printer,Office,West,Consumer,Debit Card,1,9745.76,20,2192.24,3.7,10284.76,12240.06
101593,2022-08-15,Speaker,Accessories,North,Home Office,Debit Card,3,3303.33,0,5066.06,4.2,3559.21,15393.2
101588,2023-09-21,Printer,Office,East,Corporate,Cash on Delivery,1,8618.19,5,12113.99,4.6,9143.58,9771.17
100856,2023-06-03,Speaker,Accessories,East,Home Office,UPI,3,3357.26,5,4631.18,3.9,3674.36,11510.81
101834,2022-03-22,Tablet,Electronics,South,Corporate,Net Banking,3,19371.5,5,2415.68,4.5,17635.33,59256.56
101874,2023-05-31,Laptop,Electronics,North,Corporate,Debit Card,2,52383.08,5,7185.45,4.8,48129.3,111646.96
100048,2022-03-13,Printer,Office,West,Consumer,Cash on Delivery,4,9665.77,10,5093.04,3.9,9055.33,38942.94
101996,2022-02-03,Keyboard,Accessories,East,Corporate,UPI,2,1261.23,10,2967.23,5.0,1250.36,5723.86
101855,2022-02-24,Monitor,Electronics,South,Home Office,Credit Card,1,12213.4,0,8983.11,5.0,13318.46,11136.57
100467,2022-05-13,Laptop,Electronics,East,Corporate,Net Banking,3,62543.99,0,14501.97,4.1,60459.63,198240.99
100153,2023-11-03,Headphones,Accessories,West,Home Office,Credit Card,1,2784.19,0,12886.78,2.6,3008.7,8750.46
101950,2023-01-02,Keyboard,Accessories,Central,Consumer,Net Banking,1,1278.02,5,641.92,3.5,1246.98,3572.48
101961,2022-02-18,Keyboard,Accessories,East,Corporate,Cash on Delivery,1,1207.52,5,4529.62,,1232.08,2453.3
100394,2022-02-21,Smartwatch,Wearables,North,Consumer,Net Banking,3,6450.68,5,1606.39,4.5,5809.37,21689.44
100123,2022-12-01,Smartphone,Electronics,West,Home Office,Cash on Delivery,2,22241.56,0,4865.17,3.7,22201.95,65916.57
100355,2022-02-13,Monitor,Electronics,West,Corporate,Credit Card,7,13639.8,10,3685.39,,13768.18,71745.0
100134,2022-01-03,Speaker,Accessories,Central,Home Office,UPI,2,2977.18,5,10979.7,4.9,2684.44,13339.7
100268,2022-07-18,Monitor,Electronics,West,Consumer,UPI,2,13192.18,5,11379.8,4.2,14133.67,25340.22
100385,2023-07-11,Speaker,Accessories,East,Corporate,Net Banking,6,3062.55,0,2173.34,4.2,3051.27,24076.38
100609,2022-06-29,Headphones,Accessories,West,Consumer,UPI,3,2355.09,20,9454.58,3.5,2242.61,12382.35
100220,2022-03-10,Headphones,Accessories,North,Home Office,UPI,7,2799.85,0,3850.67,3.9,2643.42,24111.29
100041,2023-09-10,Headphones,Accessories,North,Consumer,Net Banking,2,2816.41,0,4443.27,3.9,2972.28,11962.44
100219,2022-01-10,Speaker,Accessories,North,Home Office,Debit Card,2,3000.23,15,701.0,4.9,3179.44,8782.39
100597,2023-07-11,Keyboard,Accessories,South,Corporate,Credit Card,2,1139.68,0,12636.82,3.5,1233.97,7840.26
101844,2023-03-29,Printer,Office,West,Home Office,UPI,4,9814.6,0,3930.84,3.1,9464.51,41060.47
101247,2022-03-25,Keyboard,Accessories,North,Corporate,Net Banking,4,1145.99,0,6032.31,4.1,1252.3,8857.67
100680,2022-05-29,Printer,Office,Central,Consumer,Net Banking,2,8140.86,10,12615.26,3.4,8712.8,15296.71
101082,2023-10-02,Speaker,Accessories,East,Corporate,Debit Card,4,3250.74,10,6663.49,4.0,3442.83,20140.97
101908,2022-02-16,Printer,Office,North,Home Office,Net Banking,1,9070.12,0,3516.53,4.5,9810.25,9426.56
100858,2022-09-18,Speaker,Accessories,South,Home Office,Credit Card,1,3409.5,10,11254.08,2.0,3143.58,8376.56
100541,2022-09-24,Laptop,Electronics,Central,Consumer,Cash on Delivery,4,59759.3,5,4394.08,4.3,61683.24,229904.6
101050,2022-08-18,Monitor,Electronics,West,Home Office,UPI,4,13561.32,10,4428.83,4.4,13237.91,55981.98
101581,2022-08-01,Tablet,Electronics,Central,Home Office,Cash on Delivery,3,17489.99,15,962.84,4.7,17175.46,48413.59
101368,2022-12-23,Speaker,Accessories,West,Corporate,Cash on Delivery,2,2952.88,10,13632.41,4.6,3077.16,12701.47
101882,2022-06-21,Smartwatch,Wearables,South,Consumer,Debit Card,4,5432.04,10,6635.58,4.2,5321.98,25515.58
101078,2022-05-25,Keyboard,Accessories,North,Home Office,Credit Card,3,1160.57,5,5991.9,4.8,1113.47,8870.81
101131,2023-12-23,Smartphone,Electronics,South,Corporate,Net Banking,2,21243.9,5,2583.31,3.7,22190.62,59115.48
101699,2022-04-11,Printer,Office,West,Home Office,Debit Card,2,8477.6,0,12059.14,5.0,8191.48,24098.47
100997,2022-03-17,Printer,Office,North,Home Office,Debit Card,4,9334.42,0,7767.56,3.8,10153.45,40731.4
101475,2022-07-19,Smartwatch,Wearables,East,Home Office,Debit Card,6,6094.2,20,11040.64,5.0,5837.82,35564.29
101578,2023-01-23,Printer,Office,South,Consumer,UPI,2,9721.05,10,5219.33,3.3,10053.19,16205.53
101823,2022-03-05,Keyboard,Accessories,West,Home Office,Debit Card,5,1120.0,5,9180.81,4.6,1065.32,12038.6
101787,2023-06-08,Tablet,Electronics,Central,Consumer,UPI,2,20299.49,0,7869.23,4.2,21043.38,44218.88
101575,2023-03-10,Printer,Office,East,Corporate,Net Banking,4,8402.76,0,6857.77,,8584.95,36828.52
101822,2023-12-24,Mouse,Accessories,West,Corporate,Cash on Delivery,5,772.8,0,12382.27,3.0,847.2,9043.0
100981,2022-11-04,Speaker,Accessories,North,Corporate,UPI,3,2766.96,5,1869.76,3.8,2788.11,11536.73
101419,2022-01-09,Keyboard,Accessories,West,Corporate,Net Banking,1,1212.31,15,12920.92,3.9,1245.36,7106.16
101454,2023-12-03,Smartphone,Electronics,Central,Home Office,Credit Card,4,24294.1,0,11383.16,4.3,23456.94,145472.55
100336,2023-11-05,Printer,Office,East,Home Office,Cash on Delivery,4,8810.0,10,10385.89,4.3,8358.09,52442.02
100232,2023-01-25,Keyboard,Accessories,South,Consumer,Debit Card,3,1192.92,5,7441.22,4.5,1140.77,13447.07
101008,2022-09-07,Printer,Office,West,Corporate,UPI,2,9212.82,0,14787.5,3.2,9330.22,26070.7
101423,2022-10-31,Laptop,Electronics,East,Home Office,Credit Card,2,62245.89,10,6503.4,3.3,61814.39,165528.21
100158,2023-04-26,Smartphone,Electronics,North,Home Office,Net Banking,6,20105.39,5,9946.98,4.3,21538.88,114510.51
100468,2022-03-16,Laptop,Electronics,West,Corporate,Debit Card,4,57881.02,5,5861.2,2.9,53734.93,231445.06
100882,2023-03-22,Headphones,Accessories,North,Home Office,Cash on Delivery,3,2374.74,0,8651.09,5.0,2206.94,12065.54
101619,2023-01-08,Keyboard,Accessories,Central,Corporate,Debit Card,1,1293.81,15,13486.65,3.0,1381.62,5483.84
101034,2022-07-28,Printer,Office,Central,Consumer,Credit Card,2,10244.42,0,7336.99,4.2,9903.87,26683.6
101132,2022-10-08,Monitor,Electronics,South,Consumer,Credit Card,2,13542.69,5,6997.32,3.6,13559.41,40937.23
101126,2022-01-05,Mouse,Accessories,East,Consumer,Credit Card,4,881.47,10,13618.55,3.5,807.15,9759.14
100585,2023-08-07,Mouse,Accessories,Central,Home Office,UPI,2,804.28,10,7240.32,4.2,788.05,6139.31
100205,2022-07-15,Speaker,Accessories,East,Home Office,Debit Card,6,3010.61,20,8346.15,3.3,3086.26,19881.4
100003,2023-09-06,Headphones,Accessories,South,Consumer,Net Banking,5,2435.54,10,5261.53,4.9,2466.44,18362.42
100887,2022-02-14,Mouse,Accessories,North,Corporate,UPI,1,917.19,0,10106.2,5.0,890.82,4254.06
101785,2022-10-03,Smartphone,Electronics,West,Consumer,UPI,4,24328.56,20,11110.74,3.6,24440.82,115878.28
101447,2023-10-22,Keyboard,Accessories,Central,Consumer,Credit Card,6,1117.83,5,8067.78,3.8,1040.69,10972.94
101845,2022-02-15,Speaker,Accessories,North,Consumer,Cash on Delivery,6,2741.67,10,9907.54,4.4,2553.53,20353.76
101149,2023-08-21,Printer,Office,South,Consumer,Credit Card,1,9472.08,20,2042.28,3.8,10056.96,6557.97
101109,2023-03-04,Laptop,Electronics,West,Home Office,Debit Card,2,60054.43,5,13401.01,5.0,65333.99,109253.26
100693,2022-11-16,Smartwatch,Wearables,East,Corporate,Cash on Delivery,3,5921.5,0,1063.99,4.6,5663.75,30716.08
101673,2023-10-13,Tablet,Electronics,Central,Home Office,UPI,3,17555.68,10,2875.45,4.9,19092.33,64321.77
101654,2022-10-07,Keyboard,Accessories,Central,Consumer,Net Banking,4,1205.86,0,4642.01,4.7,1287.37,9740.86
100714,2023-10-29,Smartphone,Electronics,East,Consumer,Net Banking,3,24411.27,15,12550.07,3.8,23031.85,98548.32
100951,2023-08-01,Tablet,Electronics,East,Consumer,Credit Card,5,20206.39,5,11286.0,4.3,19140.81,102489.04
101583,2023-08-29,Speaker,Accessories,South,Consumer,Net Banking,2,2726.43,5,14701.9,3.6,2844.91,14076.5
101699,2022-04-11,Printer,Office,West,Home Office,Debit Card,2,8477.6,0,12059.14,5.0,8191.48,24098.47
100883,2023-09-29,Keyboard,Accessories,South,Corporate,Net Banking,4,1213.73,0,8153.74,4.5,1239.78,9080.08
101644,2023-01-19,Speaker,Accessories,Central,Corporate,Net Banking,3,3112.41,0,7801.51,3.2,3147.81,12428.79
101620,2023-05-16,Headphones,Accessories,North,Consumer,UPI,1,2481.98,5,5417.57,4.0,2339.09,4587.18
101113,2023-01-08,Laptop,Electronics,Central,Corporate,Debit Card,2,50534.12,0,2846.04,3.7,53795.76,74507.33
101203,2022-08-15,Tablet,Electronics,East,Home Office,Cash on Delivery,2,18304.8,5,8482.31,4.7,18361.61,42274.93
101062,2023-02-13,Printer,Office,South,Home Office,Net Banking,6,9749.88,5,4438.18,4.3,9728.78,46102.35
100157,2023-04-12,Smartwatch,Wearables,Central,Home Office,Credit Card,4,5452.37,5,6853.59,3.9,4934.36,26678.42
101056,2023-08-18,Speaker,Accessories,West,Home Office,Debit Card,3,2945.5,20,5838.44,4.8,2961.66,11663.6
100523,2023-05-26,Smartwatch,Wearables,East,Consumer,Cash on Delivery,2,6786.98,0,1875.82,3.4,6399.17,13731.39
100462,2023-11-06,Speaker,Accessories,Central,Home Office,Cash on Delivery,2,3215.15,15,9324.46,4.4,3297.07,13090.51
100652,2022-03-23,Smartphone,Electronics,North,Corporate,Credit Card,4,21970.46,5,7108.17,4.4,21373.53,87159.91
100160,2023-01-06,Tablet,Electronics,West,Corporate,Cash on Delivery,4,19251.51,5,5529.85,4.9,18397.24,64011.06
100305,2022-12-28,Speaker,Accessories,East,Consumer,Cash on Delivery,2,2901.0,15,9681.09,3.5,3028.29,13534.02
100656,2022-06-03,Laptop,Electronics,North,Consumer,Credit Card,4,61720.26,0,10185.08,3.8,61010.6,254596.97
100547,2023-03-04,Monitor,Electronics,East,Home Office,Cash on Delivery,2,11599.13,15,13946.81,4.6,11329.91,26986.73
100713,2022-05-30,Mouse,Accessories,Central,Consumer,Cash on Delivery,4,746.15,0,10015.31,4.8,813.29,8000.59
100395,2022-05-28,Tablet,Electronics,North,Corporate,Net Banking,5,20083.34,0,9066.83,3.9,21821.64,102072.65
100783,2022-09-22,Smartwatch,Wearables,North,Corporate,Debit Card,3,5938.14,15,8839.13,4.1,5378.6,24844.58
100399,2022-07-29,Speaker,Accessories,Central,Corporate,Cash on Delivery,6,2934.56,5,10129.46,4.4,3066.02,22268.41
100798,2023-05-24,Tablet,Electronics,South,Home Office,UPI,4,18223.77,0,14175.87,3.2,17898.58,80293.77
100618,2022-06-10,Keyboard,Accessories,Central,Corporate,Cash on Delivery,3,1342.54,15,9649.07,5.0,1371.33,8606.11
101543,2023-03-20,Smartphone,Electronics,West,Consumer,UPI,3,23318.01,15,10247.97,4.3,25153.23,61286.23
100508,2022-05-29,Laptop,Electronics,West,Corporate,Net Banking,2,57528.05,5,7009.22,3.2,53567.26,121635.16
101375,2022-07-28,Smartwatch,Wearables,West,Home Office,UPI,1,6573.76,0,7434.22,4.9,5993.27,14867.7
100736,2023-03-16,Headphones,Accessories,Central,Corporate,Credit Card,6,2487.06,10,8009.65,4.5,2693.93,18729.17
101168,2022-08-07,Monitor,Electronics,North,Corporate,Net Banking,1,11425.46,0,2137.44,5.0,10797.98,13684.22
101676,2022-08-25,Smartwatch,Wearables,Central,Home Office,Net Banking,5,5693.34,0,6833.83,4.0,5557.95,33879.4
100985,2023-07-03,Monitor,Electronics,West,Consumer,Net Banking,1,11255.05,5,13839.51,4.6,11230.14,21138.64
100867,2023-04-18,Laptop,Electronics,South,Home Office,UPI,2,62969.69,20,5983.05,4.2,68283.17,93823.48
100459,2023-03-09,Monitor,Electronics,South,Corporate,Credit Card,6,11314.19,0,10552.81,4.4,12250.48,72901.95
101336,2023-11-14,Laptop,Electronics,North,Home Office,Debit Card,1,49548.01,10,,5.0,54040.89,57593.63
100062,2022-12-10,Laptop,Electronics,South,Home Office,Credit Card,2,54246.82,5,13176.23,5.0,59593.57,140593.4
101831,2022-12-05,Laptop,Electronics,West,Home Office,Debit Card,4,60404.29,0,10911.82,4.7,60663.03,342638.48
100871,2023-05-30,Printer,Office,West,Corporate,Credit Card,3,8673.48,15,9469.66,4.1,8460.1,30403.95
101884,2023-10-22,Keyboard,Accessories,West,Home Office,Net Banking,2,1259.67,5,7425.93,4.1,1206.14,6690.46
101710,2023-07-21,Headphones,Accessories,Central,Corporate,UPI,2,2452.69,15,6684.13,3.7,2223.26,5209.39
100457,2023-10-09,Monitor,Electronics,East,Home Office,Credit Card,1,11534.4,10,2258.34,4.0,11875.44,14763.2
100954,2023-01-02,Smartphone,Electronics,West,Corporate,UPI,2,22313.51,5,9096.35,2.9,22577.09,37851.61
100478,2022-10-25,Tablet,Electronics,South,Home Office,Net Banking,3,17738.4,0,8933.94,4.3,17114.89,77115.78
101347,2023-03-06,Headphones,Accessories,West,Home Office,Net Banking,5,2504.35,15,11474.57,5.0,2704.95,11774.12
101487,2022-05-05,Tablet,Electronics,East,Home Office,Net Banking,1,18696.36,0,514.38,4.3,17196.7,25670.38
100870,2023-07-10,Speaker,Accessories,East,Corporate,UPI,4,3042.05,0,758.07,3.1,3153.61,12985.5
100790,2022-12-12,Tablet,Electronics,Central,Consumer,Net Banking,3,16342.11,5,11148.42,3.9,15777.53,71392.48
100617,2022-04-09,Tablet,Electronics,East,Corporate,UPI,5,19477.59,5,7825.78,4.4,21025.06,96088.39
101902,2023-04-15,Monitor,Electronics,East,Home Office,Cash on Delivery,4,11029.42,0,12636.54,4.9,11098.32,50106.34
101382,2023-10-20,Printer,Office,West,Home Office,Net Banking,1,9021.37,5,2972.03,4.0,9489.62,13065.99
101421,2022-04-22,Laptop,Electronics,North,Consumer,Cash on Delivery,6,63051.65,10,7009.51,4.1,69154.15,332162.67
101925,2023-06-16,Monitor,Electronics,South,Consumer,Credit Card,2,11126.14,0,10787.82,3.8,11285.29,32711.59
101626,2023-10-18,Keyboard,Accessories,South,Home Office,Debit Card,3,1174.21,5,,4.4,1120.65,12306.84
100347,2022-04-13,Laptop,Electronics,South,Consumer,UPI,1,57326.92,20,14542.08,2.8,62429.21,46231.03
101018,2023-02-02,Monitor,Electronics,Central,Corporate,Cash on Delivery,1,12336.58,15,14228.59,4.3,12505.22,13539.55
101200,2023-01-06,Speaker,Accessories,East,Consumer,Debit Card,7,2986.08,15,7607.92,4.1,2772.19,16061.27
101534,2022-09-26,Smartphone,Electronics,West,Home Office,Credit Card,2,24800.73,15,8842.21,4.6,27075.22,43903.39
100760,2022-05-23,Laptop,Electronics,North,Home Office,UPI,5,54161.02,5,13374.58,5.0,58377.32,253392.94
100446,2022-06-23,Monitor,Electronics,North,Corporate,Cash on Delivery,3,12641.54,0,6177.29,4.7,12956.82,44349.15
100650,2023-03-05,Monitor,Electronics,South,Corporate,Credit Card,3,13665.3,0,13299.76,5.0,13311.94,48514.95
101238,2023-07-26,Monitor,Electronics,Central,Home Office,Cash on Delivery,4,12011.06,10,11418.49,3.8,12068.93,52785.6
101798,2022-05-22,Keyboard,Accessories,North,Corporate,Net Banking,1,1133.04,0,12114.28,3.7,1079.9,6876.21
100379,2022-11-16,Speaker,Accessories,East,Consumer,UPI,4,3280.5,0,685.91,4.0,3038.32,23978.82
100564,2022-09-23,Monitor,Electronics,East,Consumer,Net Banking,5,13006.93,5,12291.14,4.1,12643.1,70649.64
101739,2023-08-09,Keyboard,Accessories,West,Home Office,Credit Card,3,1181.72,10,3681.32,4.2,1160.28,3499.08
101742,2022-04-17,Mouse,Accessories,West,Home Office,Cash on Delivery,4,782.93,15,1651.42,3.8,733.93,1379.14
101829,2022-06-05,Printer,Office,North,Corporate,Credit Card,7,9531.51,10,8251.77,4.0,9006.92,66952.79
101922,2022-02-10,Keyboard,Accessories,East,Home Office,Cash on Delivery,2,1261.12,10,13256.84,4.3,1178.12,10413.94
100967,2022-02-27,Headphones,Accessories,North,Corporate,Cash on Delivery,3,2304.52,10,6324.79,4.4,2232.78,9497.26
100920,2023-01-10,Headphones,Accessories,East,Consumer,Debit Card,7,2408.47,0,4440.21,4.4,2542.81,17813.44
100231,2022-07-28,Printer,Office,East,Corporate,Debit Card,4,9939.65,15,,3.6,9496.09,41793.54
101974,2022-11-25,Mouse,Accessories,West,Corporate,UPI,4,834.44,5,6063.9,4.9,797.84,8381.83
100382,2022-03-09,Printer,Office,East,Home Office,Debit Card,4,9652.1,10,2055.08,5.0,10602.01,36187.32
101178,2022-11-02,Smartphone,Electronics,North,Home Office,Cash on Delivery,3,25294.19,10,2823.87,4.6,26709.45,93957.31
101215,2022-05-20,Smartphone,Electronics,West,Consumer,Net Banking,4,23095.06,0,3093.08,2.8,21663.34,100038.21
100072,2023-05-04,Monitor,Electronics,West,Consumer,Cash on Delivery,5,11578.0,0,1335.89,3.3,12658.04,56117.43
100070,2023-01-11,Laptop,Electronics,Central,Corporate,Cash on Delivery,3,52371.88,20,6505.18,3.1,48675.07,109974.86
101342,2023-04-04,Laptop,Electronics,West,Home Office,UPI,2,55610.33,5,11486.13,3.5,53418.92,114008.37
101085,2022-05-23,Keyboard,Accessories,East,Consumer,Net Banking,5,1303.17,5,4774.48,4.5,1417.15,11801.04
100171,2022-12-21,Laptop,Electronics,East,Corporate,Credit Card,4,54934.82,0,2773.78,3.4,59102.5,301385.91
101294,2023-10-14,Laptop,Electronics,East,Consumer,Credit Card,5,50089.06,0,14578.34,3.1,46408.38,365395.53
100168,2022-06-15,Monitor,Electronics,South,Consumer,Credit Card,3,11942.97,15,12442.54,3.6,11473.1,33076.56
100493,2023-08-12,Mouse,Accessories,East,Home Office,Cash on Delivery,1,759.82,5,1428.63,3.9,687.2,500.0
101252,2022-04-23,Smartphone,Electronics,South,Consumer,Cash on Delivery,4,23920.54,0,14276.43,3.5,23058.68,106494.55
101667,2023-02-06,Printer,Office,West,Consumer,Net Banking,4,8896.42,20,11340.79,3.1,8682.38,29322.0
101943,2023-07-12,Tablet,Electronics,North,Consumer,Net Banking,2,19300.21,0,1365.4,4.4,20808.91,38099.67
100893,2023-10-21,Tablet,Electronics,Central,Consumer,Credit Card,1,16561.99,0,4123.45,5.0,18173.14,23690.97
100272,2022-05-25,Smartwatch,Wearables,Central,Consumer,Credit Card,2,6308.85,5,893.05,4.3,6224.1,15145.95
101296,2022-11-30,Headphones,Accessories,South,Consumer,Credit Card,4,2724.58,0,7643.63,4.0,2693.69,19587.16
100420,2022-06-27,Smartphone,Electronics,Central,Home Office,Debit Card,3,21717.31,10,1661.3,4.3,21977.89,58357.78
100094,2022-04-12,Laptop,Electronics,North,Home Office,Net Banking,4,51525.42,0,9648.37,3.4,56244.47,201428.85
101369,2023-06-13,Laptop,Electronics,West,Corporate,UPI,5,50011.81,15,13518.11,,53366.55,210930.03
101584,2022-05-21,Tablet,Electronics,West,Home Office,Cash on Delivery,5,18962.13,10,1174.83,3.1,19900.54,705228.48
101595,2023-04-13,Printer,Office,Central,Corporate,UPI,2,9288.06,10,5702.57,4.5,10145.99,22560.78
100042,2022-09-07,Printer,Office,Central,Home Office,Net Banking,3,8294.46,0,11120.51,3.5,8928.38,29533.88
100056,2023-11-07,Tablet,Electronics,West,Corporate,Cash on Delivery,1,16255.82,5,4868.35,3.1,15605.32,27733.62
101601,2022-12-09,Smartphone,Electronics,North,Home Office,Debit Card,3,24066.66,10,9371.61,3.4,23800.21,97961.3
101494,2023-11-24,Monitor,Electronics,Central,Consumer,Credit Card,1,11417.14,5,3947.93,3.4,11351.9,18677.43
101942,2023-09-01,Smartphone,Electronics,Central,Home Office,Cash on Delivery,4,20608.49,15,3575.89,4.7,21365.03,70084.34
101633,2022-02-28,Mouse,Accessories,South,Home Office,Credit Card,1,859.65,10,7180.14,4.4,881.97,9228.72
100888,2022-03-30,Keyboard,Accessories,West,Home Office,Debit Card,2,1088.64,5,6786.37,5.0,1047.02,6433.18
100574,2023-07-17,Keyboard,Accessories,Central,Consumer,Cash on Delivery,1,1337.76,5,6361.19,4.4,1431.47,5412.68
100038,2022-06-10,Printer,Office,West,Corporate,Cash on Delivery,3,9022.29,15,6065.58,5.0,8452.94,31854.97
100306,2022-06-21,Headphones,Accessories,South,Corporate,Credit Card,5,2612.25,15,3071.59,4.0,2705.71,12490.64
100668,2023-12-08,Smartphone,Electronics,East,Consumer,Debit Card,5,22808.04,0,973.05,3.9,24318.1,156620.01
100006,2022-05-04,Smartwatch,Wearables,East,Home Office,Cash on Delivery,3,6118.77,0,2911.81,4.4,6326.93,25853.24
101196,2023-07-07,Monitor,Electronics,West,Consumer,Credit Card,5,12724.71,0,7462.76,3.7,12354.84,65954.26
100782,2023-10-19,Tablet,Electronics,West,Corporate,Credit Card,4,16652.23,10,10738.77,4.1,17739.33,88213.64
100408,2023-09-17,Mouse,Accessories,Central,Consumer,Debit Card,2,808.48,0,8386.23,3.9,826.78,2293.95
101890,2022-01-11,Keyboard,Accessories,South,Home Office,Debit Card,2,1205.72,10,12273.49,4.4,1239.85,10025.47
100781,2023-03-23,Mouse,Accessories,East,Corporate,Cash on Delivery,1,726.29,10,6857.22,5.0,693.95,9280.72
100166,2023-03-25,Smartwatch,Wearables,North,Home Office,Debit Card,6,6241.88,0,6641.44,3.7,5797.85,352227.28
100534,2022-02-20,Laptop,Electronics,East,Home Office,Debit Card,2,50892.4,15,7860.73,3.8,47076.26,83823.79
100583,2022-05-06,Smartwatch,Wearables,North,Home Office,UPI,5,5923.74,10,9815.19,3.3,6254.97,33572.51
101259,2023-11-16,Smartwatch,Wearables,Central,Home Office,Debit Card,1,6863.24,0,5442.84,3.8,6385.91,13929.12
101910,2022-04-08,Speaker,Accessories,West,Consumer,Credit Card,4,2964.91,10,11810.61,3.7,2841.24,14556.25
101429,2023-02-12,Laptop,Electronics,West,Home Office,Debit Card,2,55943.82,0,10390.83,4.2,56699.48,91382.48
101994,2023-11-20,Printer,Office,West,Consumer,Debit Card,3,10129.35,5,9909.77,3.7,10792.29,46089.35
101774,2022-10-21,Smartwatch,Wearables,West,Corporate,Debit Card,2,5589.02,5,4718.36,3.8,5421.22,17961.05
101263,2023-05-04,Headphones,Accessories,Central,Corporate,UPI,5,2432.17,20,8502.26,3.7,2356.3,15996.55
101898,2022-06-29,Keyboard,Accessories,West,Corporate,Net Banking,5,1252.2,5,8591.7,5.0,1135.02,11614.32
101114,2022-11-05,Headphones,Accessories,South,Corporate,Credit Card,1,2459.7,0,4381.8,4.2,2285.19,6253.32
101123,2023-06-26,Mouse,Accessories,Central,Consumer,Cash on Delivery,3,747.75,5,10645.45,4.0,776.92,7065.34
101380,2022-08-16,Printer,Office,Central,Consumer,Debit Card,5,8484.46,20,11020.7,4.2,8335.43,39815.03
100813,2023-02-09,Speaker,Accessories,Central,Consumer,Debit Card,6,2835.8,5,14282.98,4.8,2922.89,21066.88
100316,2023-02-07,Speaker,Accessories,East,Corporate,Credit Card,2,3186.02,0,10904.64,4.5,3258.98,13230.01
101288,2022-05-16,Smartwatch,Wearables,Central,Home Office,Debit Card,5,5933.47,5,4279.12,4.0,5774.91,31569.36
101958,2023-03-23,Headphones,Accessories,East,Corporate,Credit Card,1,2595.81,5,9635.86,4.4,2471.65,9918.47
100516,2022-09-14,Headphones,Accessories,South,Home Office,Cash on Delivery,1,2413.14,5,13660.44,4.1,2189.71,11991.26
101860,2023-12-02,Laptop,Electronics,East,Consumer,Cash on Delivery,4,50887.46,20,8229.67,4.1,51226.2,232548.1
101674,2022-11-29,Printer,Office,West,Home Office,UPI,2,8596.28,5,10164.2,4.8,9006.36,27066.08
101693,2023-02-21,Speaker,Accessories,East,Home Office,Net Banking,4,2816.55,10,873.91,5.0,2726.3,7148.18
100533,2023-05-11,Printer,Office,South,Corporate,Credit Card,4,8925.66,0,1258.01,4.0,8218.34,39302.74
100173,2023-05-09,Keyboard,Accessories,Central,Corporate,Debit Card,2,1210.13,0,8438.34,4.4,1141.2,7150.38
101048,2022-07-29,Headphones,Accessories,North,Home Office,Credit Card,2,2289.97,5,12765.54,4.9,2444.04,10059.61
100271,2023-12-07,Smartwatch,Wearables,West,Home Office,Debit Card,3,6736.71,5,10790.23,4.3,6442.75,32375.54
100548,2022-01-03,Printer,Office,North,Corporate,UPI,2,9894.41,0,9564.62,3.6,9725.18,20597.03
100964,2022-02-11,Headphones,Accessories,East,Corporate,UPI,9,2756.06,20,5755.72,3.8,2801.6,17904.06
101703,2023-07-19,Printer,Office,North,Home Office,Debit Card,1,9954.22,0,6187.19,3.8,10682.29,13653.47
101636,2023-09-14,Keyboard,Accessories,Central,Home Office,UPI,3,1257.44,5,6107.04,3.2,1251.27,8671.61
100598,2022-06-28,Smartphone,Electronics,South,Consumer,Debit Card,2,21722.11,10,11472.22,3.4,22104.79,45499.87
101609,2023-08-17,Mouse,Accessories,South,Home Office,Debit Card,2,831.06,0,9600.81,4.8,852.48,9341.87
100570,2022-08-03,Smartphone,Electronics,West,Home Office,Cash on Delivery,3,23671.68,0,4994.71,3.3,23705.5,76045.54
100074,2023-09-05,Keyboard,Accessories,Central,Consumer,Credit Card,5,1340.99,0,11962.39,4.3,1280.85,12475.68
100061,2023-12-02,Tablet,Electronics,Central,Consumer,Cash on Delivery,1,16234.49,0,1032.46,3.9,17216.95,21570.4
101992,2023-05-26,Headphones,Accessories,Central,Home Office,Credit Card,2,2527.34,10,8540.17,3.7,2278.85,12333.11
100809,2023-02-20,Mouse,Accessories,South,Consumer,Debit Card,4,767.33,15,12383.01,3.6,820.53,9521.38
100244,2022-04-24,Smartphone,Electronics,South,Corporate,Net Banking,3,23595.26,0,1308.24,3.3,23061.1,75144.68
101104,2022-01-17,Smartwatch,Wearables,East,Consumer,UPI,4,6564.19,20,1644.73,2.9,6203.68,20282.17
101448,2023-04-12,Smartwatch,Wearables,East,Corporate,Cash on Delivery,1,6568.84,10,5440.72,2.8,6886.46,8015.09
100105,2023-05-30,Speaker,Accessories,Central,Consumer,Net Banking,1,2843.34,0,11110.01,3.4,2990.66,11763.88
100673,2022-12-07,Smartphone,Electronics,West,Consumer,Net Banking,1,24433.52,5,1855.08,4.0,22923.28,41916.68
100642,2022-10-21,Monitor,Electronics,South,Corporate,UPI,1,11614.63,5,9965.79,3.8,10879.96,23787.76
101271,2022-11-28,Keyboard,Accessories,East,Home Office,UPI,2,1119.76,5,3794.7,4.4,1126.65,5935.58
100665,2022-03-12,Laptop,Electronics,South,Corporate,UPI,4,57870.43,5,7370.22,4.8,54745.43,230564.43
100509,2022-07-06,Smartphone,Electronics,East,Home Office,UPI,3,20744.35,10,869.35,5.0,18812.06,64283.43
100131,2022-11-21,Keyboard,Accessories,South,Consumer,Cash on Delivery,8,1345.69,0,10862.3,4.3,1398.78,22071.35
100444,2023-12-22,Monitor,Electronics,Central,Corporate,UPI,3,10802.37,15,1769.83,4.5,10172.92,43148.78
100866,2022-08-25,Monitor,Electronics,South,Corporate,UPI,5,10977.03,5,2567.65,5.0,11354.13,56375.91
100808,2022-11-09,Monitor,Electronics,West,Corporate,Credit Card,1,13526.08,5,1586.69,3.9,14717.01,16372.11
101778,2022-08-05,Speaker,Accessories,Central,Consumer,Credit Card,2,3089.69,5,3715.61,3.6,3043.79,8047.39
100057,2023-05-29,Printer,Office,West,Home Office,Net Banking,4,8638.9,10,1002.72,4.1,7884.97,37332.61
101659,2022-08-24,Tablet,Electronics,West,Corporate,Debit Card,3,19235.9,0,9209.35,3.3,20917.03,60663.3
101070,2022-10-25,Headphones,Accessories,Central,Consumer,Cash on Delivery,6,2577.73,15,2111.64,3.8,2736.58,21760.82
101134,2022-09-10,Smartphone,Electronics,West,Home Office,Credit Card,1,20128.72,0,13232.69,4.3,22136.45,25537.3
100086,2023-10-14,Smartwatch,Wearables,West,Home Office,UPI,3,6698.73,5,2109.17,4.9,6032.72,32509.8
101852,2022-12-15,Smartphone,Electronics,West,Corporate,Debit Card,2,23587.21,15,6434.3,3.0,25617.11,53328.92
100771,2022-08-17,Printer,Office,South,Consumer,Net Banking,4,9937.94,0,2670.27,4.0,9788.6,39916.75
101232,2022-06-23,Smartwatch,Wearables,West,Consumer,Debit Card,2,6598.44,0,3724.6,3.1,6811.37,16671.08
100708,2022-04-23,Headphones,Accessories,Central,Home Office,Cash on Delivery,5,2460.42,0,8859.48,3.7,2324.79,19883.02
101558,2022-07-08,Keyboard,Accessories,East,Home Office,UPI,3,1332.15,0,13574.27,3.6,1236.58,10760.88
101340,2022-12-11,Smartphone,Electronics,East,Corporate,Debit Card,1,22024.07,5,14503.14,4.1,22858.08,34695.82
101563,2023-11-17,Monitor,Electronics,West,Home Office,Debit Card,3,11700.75,10,12179.99,4.9,12598.75,47780.33
100538,2023-01-12,Tablet,Electronics,South,Home Office,Credit Card,8,16386.18,5,1003.38,4.2,17611.29,97909.1
101880,2023-04-06,Laptop,Electronics,Central,Corporate,Debit Card,3,59055.72,10,761.35,5.0,57623.12,168484.14
101180,2023-03-16,Mouse,Accessories,North,Home Office,Credit Card,5,897.79,10,13934.91,4.2,833.98,9968.17
101554,2023-03-05,Printer,Office,East,Consumer,Net Banking,3,9507.31,15,1391.88,5.0,8819.38,29715.33
101307,2023-03-14,Speaker,Accessories,North,Consumer,Credit Card,1,3280.73,0,12168.09,4.1,3404.1,6729.61
100418,2023-03-25,Keyboard,Accessories,South,Home Office,Net Banking,2,1299.5,0,12906.83,3.5,1349.94,8837.89
101847,2022-07-22,Mouse,Accessories,South,Home Office,Credit Card,2,902.63,5,10024.64,4.4,825.17,10245.63
101704,2022-10-25,Keyboard,Accessories,East,Home Office,Cash on Delivery,4,1292.0,0,5486.27,3.3,1220.8,12304.74
101281,2022-01-21,Smartwatch,Wearables,South,Corporate,Cash on Delivery,2,5405.94,5,4209.39,3.6,5759.86,7173.09
100851,2022-03-19,Monitor,Electronics,West,Consumer,Debit Card,1,13632.52,0,638.59,3.6,13419.87,14558.05
101749,2022-08-12,Keyboard,Accessories,East,Home Office,Debit Card,5,1235.65,5,7051.82,3.6,1183.85,12573.64
101726,2023-02-21,Keyboard,Accessories,East,Corporate,Cash on Delivery,6,1179.92,0,5172.51,4.4,1113.17,4649.88
101690,2022-09-03,Laptop,Electronics,Central,Consumer,UPI,6,51558.18,15,4554.76,5.0,49085.27,275093.95
101854,2022-02-09,Smartphone,Electronics,Central,Consumer,Cash on Delivery,2,20460.99,5,5288.82,4.4,20949.49,34738.33
101803,2023-04-19,Monitor,Electronics,North,Consumer,Net Banking,2,13133.28,15,4871.01,4.8,14091.32,24584.52
101729,2023-02-27,Tablet,Electronics,West,Corporate,Debit Card,4,18733.13,10,9679.12,5.0,17072.55,64407.53
101795,2022-08-03,Laptop,Electronics,Central,Corporate,Credit Card,4,56372.48,15,9992.48,4.3,52249.1,205219.49
100304,2023-05-29,Speaker,Accessories,South,Home Office,UPI,3,3172.98,5,6847.59,4.7,3449.77,11689.17
101516,2022-05-31,Smartphone,Electronics,South,Home Office,Debit Card,5,25165.98,10,11825.92,5.0,24808.39,115681.83
100335,2022-06-07,Laptop,Electronics,West,Corporate,Net Banking,3,51502.39,10,9820.7,3.6,48859.73,1204238.16
100995,2022-03-25,Mouse,Accessories,South,Consumer,Net Banking,2,812.45,20,6182.46,5.0,816.83,3761.51
100569,2022-02-27,Smartphone,Electronics,Central,Consumer,Credit Card,5,24059.63,0,9100.76,3.8,23328.06,100635.42
100088,2022-05-29,Tablet,Electronics,West,Corporate,Net Banking,3,16393.53,10,12437.99,4.2,15081.61,56299.44
100874,2022-02-09,Monitor,Electronics,North,Home Office,Debit Card,4,11636.51,0,3557.73,4.2,10654.65,42287.18
101151,2022-03-25,Tablet,Electronics,East,Consumer,Credit Card,6,17580.03,5,8821.72,3.1,18497.58,102032.07
101523,2023-06-10,Headphones,Accessories,East,Corporate,Credit Card,4,2382.07,10,7775.2,4.5,2573.3,12462.08
100712,2022-06-05,Smartphone,Electronics,West,Corporate,UPI,1,21755.03,10,7896.0,,23334.68,18614.81
101746,2022-12-31,Laptop,Electronics,East,Consumer,Net Banking,5,52809.83,0,3875.16,3.8,52033.13,373964.7
101849,2022-09-21,Laptop,Electronics,Central,Corporate,Debit Card,3,51018.64,5,5997.99,3.6,53463.77,147752.95
101381,2022-06-04,Headphones,Accessories,North,Home Office,Debit Card,6,2732.51,0,14619.24,,2963.03,26227.36
100221,2023-07-03,Speaker,Accessories,Central,Consumer,Net Banking,3,3008.01,0,14660.13,4.4,2889.73,16966.73
100319,2023-02-09,Monitor,Electronics,Central,Consumer,Credit Card,3,11042.01,10,10493.13,3.4,11734.81,26562.15
101755,2023-10-31,Speaker,Accessories,North,Consumer,Cash on Delivery,5,3395.81,10,12555.91,4.3,3350.3,27234.87
100878,2023-02-03,Smartwatch,Wearables,West,Corporate,UPI,5,6525.58,0,1797.44,4.0,6904.61,32315.77
101801,2022-01-31,Monitor,Electronics,South,Home Office,UPI,1,12611.61,5,3070.33,3.7,12161.74,14602.05
100825,2023-02-12,Smartphone,Electronics,South,Consumer,Net Banking,3,21287.58,0,6769.04,4.4,20167.55,58294.05
101986,2022-11-06,Smartwatch,Wearables,South,Consumer,Credit Card,1,6086.85,0,10714.01,3.1,6635.24,13743.57
101467,2023-11-13,Printer,Office,Central,Corporate,UPI,2,8735.56,0,13552.24,4.5,8915.6,30357.02
100138,2023-01-06,Speaker,Accessories,South,Corporate,Net Banking,5,3404.3,10,5205.42,3.6,3536.82,14393.2
100163,2022-03-28,Headphones,Accessories,West,Home Office,Net Banking,1,2525.04,10,14133.2,4.7,2687.9,9825.72
101781,2022-04-25,Tablet,Electronics,North,Consumer,Debit Card,2,19622.63,15,3261.23,3.5,19654.35,34099.93
101450,2022-01-24,Printer,Office,North,Home Office,Cash on Delivery,2,8979.9,0,8881.58,2.8,8646.77,24723.41
100960,2022-08-27,Keyboard,Accessories,South,Home Office,Cash on Delivery,3,1236.4,0,3549.1,4.6,1124.09,9353.9
101708,2022-11-05,Speaker,Accessories,East,Consumer,Cash on Delivery,2,2814.27,0,12141.72,4.4,2663.12,118579.2
101242,2023-10-25,Smartphone,Electronics,West,Corporate,Cash on Delivery,2,24830.8,20,10409.69,4.1,25472.52,59306.94
101179,2023-11-07,Laptop,Electronics,East,Home Office,Net Banking,3,59734.19,5,14995.58,4.0,62730.83,239240.27
101930,2022-10-20,Speaker,Accessories,East,Home Office,UPI,2,3019.96,15,2679.23,4.1,2916.61,9030.06
101679,2022-02-11,Speaker,Accessories,Central,Home Office,UPI,2,3142.79,10,12884.45,4.6,2828.98,11545.59
101804,2023-12-01,Keyboard,Accessories,North,Consumer,Net Banking,1,1120.2,0,6208.62,4.0,1119.36,6980.18
100633,2023-12-02,Mouse,Accessories,East,Home Office,Debit Card,6,855.42,5,14909.71,4.0,812.95,16806.74
101188,2022-02-19,Mouse,Accessories,East,Consumer,UPI,3,747.08,5,,3.5,728.07,8109.23
100655,2023-07-19,Smartwatch,Wearables,Central,Corporate,UPI,1,5679.05,20,14664.1,3.6,5407.04,13715.29
100016,2022-12-27,Laptop,Electronics,South,Consumer,Debit Card,2,53700.96,5,6984.44,4.3,58205.31,143416.4
101688,2022-09-15,Tablet,Electronics,West,Consumer,UPI,1,17636.93,0,7785.96,3.8,17170.53,19722.73
101165,2023-05-10,Speaker,Accessories,North,Home Office,UPI,2,2731.45,0,14166.25,3.6,2914.04,11196.45
100137,2022-09-26,Smartwatch,Wearables,South,Corporate,Cash on Delivery,3,6299.66,15,13095.27,4.7,6372.64,24572.41
101225,2022-06-25,Laptop,Electronics,South,Home Office,Cash on Delivery,2,53066.47,5,12141.56,3.3,48449.59,114989.36
100697,2022-04-13,Tablet,Electronics,East,Home Office,UPI,5,17298.43,10,6585.25,4.5,17066.88,81585.92
101097,2023-08-19,Keyboard,Accessories,North,Home Office,Cash on Delivery,8,1280.97,10,3895.45,3.5,1282.44,11599.37
101615,2022-12-01,Speaker,Accessories,West,Home Office,Net Banking,2,3247.59,10,11042.26,3.9,3260.68,16796.03
100448,2022-10-08,Speaker,Accessories,South,Corporate,Net Banking,3,3339.32,5,10344.06,3.2,3642.96,16592.21
101895,2023-06-23,Printer,Office,East,Corporate,Net Banking,1,10230.4,15,9090.73,3.2,10376.61,11918.68
100327,2023-06-07,Headphones,Accessories,South,Corporate,Cash on Delivery,2,2441.93,0,5185.61,5.0,2371.88,13005.9
100317,2022-05-10,Smartphone,Electronics,West,Consumer,Credit Card,1,22037.94,0,8232.97,4.3,20017.33,33143.97
101529,2023-02-24,Mouse,Accessories,West,Consumer,Credit Card,7,822.35,0,8822.63,4.2,869.44,10192.01
100526,2022-12-26,Printer,Office,South,Corporate,Debit Card,1,9911.28,0,12545.0,5.0,9139.16,23630.45
100087,2023-02-01,Keyboard,Accessories,North,Consumer,Debit Card,5,1318.87,10,1021.11,4.5,1220.15,7223.94
101274,2022-04-28,Smartphone,Electronics,East,Corporate,Debit Card,1,21622.2,0,1178.12,3.5,19965.53,25678.31
100148,2022-03-25,Speaker,Accessories,West,Home Office,Cash on Delivery,6,2924.54,0,2380.35,3.6,3026.31,17384.57
101622,2022-08-30,Tablet,Electronics,East,Corporate,Net Banking,1,18056.79,20,6074.06,3.9,18049.6,17393.56
101208,2022-10-19,Laptop,Electronics,South,Home Office,Net Banking,2,53282.31,5,10065.16,3.0,57376.21,137036.4
101839,2022-11-19,Keyboard,Accessories,South,Home Office,UPI,2,1326.28,0,11813.38,3.4,1338.63,11912.39
100365,2022-11-26,Printer,Office,North,Corporate,Debit Card,3,10056.47,10,4093.28,3.6,9797.56,43048.66
100589,2022-09-03,Headphones,Accessories,Central,Corporate,Cash on Delivery,3,2585.39,10,10088.35,4.6,2410.91,12751.72
101851,2023-03-26,Speaker,Accessories,West,Home Office,UPI,1,3253.53,20,1485.77,4.2,3420.64,2948.78
100198,2023-08-23,Tablet,Electronics,Central,Consumer,Cash on Delivery,8,17865.11,5,11955.22,4.6,17313.53,139842.82
101896,2022-04-15,Speaker,Accessories,North,Home Office,Net Banking,1,3346.27,20,13886.53,4.3,3123.25,11321.84
100192,2022-09-02,Mouse,Accessories,East,Corporate,UPI,3,828.06,15,14385.66,4.5,759.34,15065.93
100404,2023-12-11,Printer,Office,East,Consumer,UPI,5,8901.88,0,14447.38,3.7,8719.88,73700.72
101574,2023-01-08,Smartwatch,Wearables,East,Home Office,Credit Card,1,6413.61,0,14848.94,,6615.86,12005.1
101987,2022-06-03,Tablet,Electronics,Central,Corporate,Debit Card,4,16250.63,0,5187.86,4.2,14965.79,71895.68
100483,2022-09-12,Speaker,Accessories,South,Consumer,Net Banking,3,3090.66,15,12537.79,4.1,2910.02,14947.47
101461,2023-06-18,Printer,Office,East,Corporate,UPI,3,10144.62,0,9470.01,4.0,10044.64,34665.68
100791,2022-04-15,Mouse,Accessories,East,Home Office,Debit Card,2,837.73,20,11347.3,4.6,835.71,11179.33
100799,2023-04-23,Laptop,Electronics,East,Home Office,UPI,2,62697.85,5,6310.14,5.0,60692.88,128077.71
100384,2022-04-22,Smartwatch,Wearables,South,Home Office,Credit Card,1,6553.15,0,11624.88,3.7,6507.91,10470.17
100750,2023-08-01,Smartphone,Electronics,West,Consumer,Debit Card,1,21712.19,10,9315.58,4.4,22451.21,23730.15
100422,2022-08-04,Headphones,Accessories,East,Home Office,Debit Card,2,2529.18,0,12464.46,5.0,2430.42,10129.73
100314,2023-03-01,Monitor,Electronics,South,Corporate,UPI,2,11537.46,15,5363.4,4.1,11840.99,24180.6
101021,2023-02-12,Monitor,Electronics,East,Home Office,Cash on Delivery,3,13050.94,5,6037.14,4.3,12765.28,37157.88
100543,2022-12-19,Laptop,Electronics,South,Corporate,Debit Card,3,53876.01,0,8575.41,3.4,53838.83,229724.7
100913,2023-01-28,Mouse,Accessories,South,Home Office,UPI,6,722.99,0,4589.87,4.5,789.33,7750.19
100662,2023-12-16,Smartwatch,Wearables,East,Consumer,Cash on Delivery,2,6235.15,5,7174.89,4.3,6150.91,19903.96
100902,2023-04-12,Speaker,Accessories,West,Home Office,UPI,7,3294.37,0,1306.79,3.7,3348.37,26854.49
101956,2023-10-01,Tablet,Electronics,West,Corporate,Credit Card,4,19538.57,5,8811.1,5.0,21491.79,105196.8
100685,2023-03-22,Speaker,Accessories,North,Corporate,Debit Card,1,3166.22,0,4345.12,3.8,3158.66,8489.33
101677,2023-07-26,Headphones,Accessories,South,Corporate,Cash on Delivery,6,2475.27,5,989.39,3.6,2296.4,15600.87
100159,2023-05-08,Mouse,Accessories,South,Corporate,Cash on Delivery,4,726.02,20,10184.08,4.0,742.21,8284.75
100999,2023-03-23,Speaker,Accessories,East,Consumer,Credit Card,4,3004.01,0,5708.02,3.8,3064.26,11112.14
101301,2023-12-22,Headphones,Accessories,West,Corporate,UPI,3,2820.55,10,6850.8,5.0,2974.57,16186.03
101777,2023-06-01,Keyboard,Accessories,North,Home Office,Cash on Delivery,4,1320.85,15,10615.27,4.2,1405.66,8636.29
100202,2023-02-25,Tablet,Electronics,East,Home Office,Net Banking,3,19927.97,0,7414.16,4.8,21057.77,51429.52
101023,2023-01-16,Mouse,Accessories,North,Consumer,UPI,4,888.01,20,6815.28,5.0,965.23,8885.98
101533,2022-01-10,Keyboard,Accessories,South,Corporate,Debit Card,3,1348.77,15,2742.55,2.3,1456.33,1302.42
101189,2023-10-15,Printer,Office,North,Corporate,UPI,5,9467.38,5,6254.35,4.2,9395.54,70661.86
100112,2023-03-04,Speaker,Accessories,North,Home Office,Net Banking,4,3168.66,5,12576.04,3.9,3199.62,18617.36
101807,2023-09-03,Printer,Office,East,Corporate,Credit Card,2,8582.27,10,14841.9,,8420.78,22129.0
101751,2022-07-17,Printer,Office,South,Consumer,UPI,5,8272.44,5,13079.91,3.5,7656.51,49906.5
100980,2023-05-31,Smartphone,Electronics,North,Consumer,Debit Card,7,23160.36,15,11967.89,3.6,23867.78,142610.44
100922,2022-07-09,Tablet,Electronics,Central,Corporate,Credit Card,1,19139.66,0,3285.88,4.6,18432.47,27666.84
101485,2022-03-17,Monitor,Electronics,East,Corporate,Debit Card,1,13200.2,5,10738.11,3.8,13982.22,16792.14
101589,2022-02-14,Smartwatch,Wearables,North,Corporate,Cash on Delivery,1,5488.67,0,11763.14,4.5,5424.2,9224.25
101964,2023-03-14,Mouse,Accessories,East,Consumer,UPI,4,803.73,0,5419.25,3.3,852.95,6784.34
101358,2023-03-16,Smartphone,Electronics,Central,Corporate,Net Banking,7,20365.87,5,13357.95,4.6,21081.57,139628.35
100815,2022-12-21,Headphones,Accessories,Central,Home Office,Net Banking,3,2456.08,5,3469.91,3.5,2590.8,11221.68
101549,2022-12-23,Keyboard,Accessories,Central,Consumer,UPI,2,1343.77,5,14048.81,3.4,1356.95,9471.45
101538,2022-01-15,Mouse,Accessories,South,Consumer,Debit Card,1,760.82,0,1445.99,3.6,819.31,5689.04
100679,2022-01-31,Headphones,Accessories,West,Corporate,Credit Card,3,2432.68,10,9803.49,5.0,2615.91,7271.91
101093,2022-10-25,Smartwatch,Wearables,West,Consumer,Credit Card,3,6591.66,0,8173.03,4.2,6328.76,33281.96
100080,2023-10-19,Tablet,Electronics,East,Corporate,Debit Card,3,16528.06,5,4781.71,3.6,17531.25,524274.8
101760,2022-12-14,Headphones,Accessories,West,Corporate,Cash on Delivery,1,2562.93,10,1271.8,4.4,2733.74,8534.13
101344,2023-07-18,Tablet,Electronics,Central,Consumer,Credit Card,2,16974.62,10,11421.02,4.2,18587.92,30731.05
101532,2022-11-11,Laptop,Electronics,South,Home Office,Debit Card,5,61090.31,20,,4.5,66815.36,336480.11
100752,2022-05-11,Smartphone,Electronics,South,Corporate,Debit Card,3,19807.52,5,4512.44,4.8,21144.61,54620.05
101319,2023-06-17,Mouse,Accessories,West,Corporate,UPI,5,820.61,5,2475.24,4.6,862.08,6382.77
101054,2022-06-16,Headphones,Accessories,East,Corporate,Credit Card,3,2537.15,10,4264.4,3.2,2509.98,10937.48
100242,2022-03-20,Keyboard,Accessories,Central,Corporate,UPI,6,1357.22,15,8647.02,4.4,1389.57,12517.41
101944,2022-03-26,Speaker,Accessories,North,Corporate,Net Banking,2,2922.28,20,11630.58,4.6,3019.55,11733.87
100641,2022-05-28,Smartphone,Electronics,North,Home Office,Debit Card,1,20847.11,20,8056.66,4.1,21030.3,21443.63
100696,2022-12-17,Mouse,Accessories,South,Home Office,Debit Card,7,807.59,15,9151.3,3.6,882.58,12758.24
100209,2023-03-03,Keyboard,Accessories,East,Corporate,Cash on Delivery,1,1358.42,0,4645.56,3.5,1237.63,5980.83
101468,2022-06-29,Smartwatch,Wearables,North,Consumer,Credit Card,2,6323.64,0,11696.9,4.3,6780.91,17469.68
100770,2023-12-30,Mouse,Accessories,South,Consumer,Net Banking,3,756.3,0,12576.31,4.6,715.76,10377.59
101754,2023-02-11,Tablet,Electronics,South,Consumer,UPI,1,18311.72,10,11954.6,3.5,17877.24,19982.91
100435,2023-03-13,Keyboard,Accessories,North,Home Office,UPI,3,1214.52,0,11294.08,,1302.22,10364.17
101063,2022-02-23,Tablet,Electronics,Central,Home Office,Net Banking,2,19901.95,10,4704.4,4.1,19895.39,34800.8
100974,2023-11-07,Printer,Office,North,Corporate,UPI,3,9997.63,20,10005.59,3.6,9930.83,37385.02
100551,2023-07-22,Smartphone,Electronics,South,Consumer,Cash on Delivery,3,20238.84,5,14172.23,,21640.66,62227.26
101395,2022-08-02,Headphones,Accessories,South,Home Office,Net Banking,4,2547.01,0,6719.7,4.6,2303.7,15423.5
101649,2023-12-21,Speaker,Accessories,Central,Home Office,Credit Card,2,2910.35,0,3278.91,3.3,2724.71,12172.53
101013,2023-07-11,Headphones,Accessories,North,Corporate,Cash on Delivery,3,2429.84,20,1107.01,4.1,2256.5,4909.71
101886,2022-11-10,Tablet,Electronics,Central,Corporate,Net Banking,1,16645.05,0,1572.53,4.1,16602.92,26414.92
100466,2022-04-24,Keyboard,Accessories,North,Consumer,Debit Card,4,1221.48,10,6866.1,4.3,1322.04,7470.25
101476,2023-02-25,Mouse,Accessories,East,Home Office,Cash on Delivery,6,872.04,0,6886.98,3.8,903.32,5171.35
101306,2022-06-18,Mouse,Accessories,East,Corporate,Net Banking,5,734.13,0,10191.27,3.9,782.86,8853.08
100277,2022-07-29,Speaker,Accessories,North,Home Office,Net Banking,2,2988.39,0,6761.2,4.0,3164.11,13011.96
101069,2023-05-24,Headphones,Accessories,South,Home Office,Debit Card,5,2485.83,10,13559.1,3.8,2351.3,14193.55
101017,2023-09-12,Headphones,Accessories,South,Corporate,Cash on Delivery,4,2349.48,10,13117.07,4.3,2361.46,16765.62
101757,2022-04-24,Mouse,Accessories,East,Consumer,Cash on Delivery,2,727.32,15,13969.6,4.2,733.09,6632.87
100722,2022-07-08,Smartwatch,Wearables,West,Corporate,Debit Card,1,5428.18,20,3304.05,4.2,5172.48,10660.76
101953,2023-12-16,Tablet,Electronics,Central,Corporate,Net Banking,3,18192.35,5,14128.5,3.9,19087.91,79946.22
100786,2022-01-31,Laptop,Electronics,Central,Corporate,Credit Card,1,57514.45,0,5385.44,3.6,60543.26,45668.03
101545,2022-01-30,Printer,Office,North,Corporate,Credit Card,5,9602.78,20,6159.04,3.4,9153.97,37545.7
101309,2022-02-02,Monitor,Electronics,East,Consumer,Cash on Delivery,4,12622.94,10,6731.25,5.0,11452.28,47014.65
101459,2023-05-23,Laptop,Electronics,West,Home Office,Debit Card,4,61876.33,15,3025.43,5.0,67817.23,201138.62
101303,2022-07-18,Printer,Office,North,Consumer,Cash on Delivery,2,8570.0,0,7792.54,5.0,8989.51,21520.44
100906,2023-12-22,Headphones,Accessories,West,Consumer,Net Banking,1,2743.21,5,921.06,4.2,2911.16,4821.56
100563,2022-01-13,Monitor,Electronics,South,Home Office,Net Banking,1,13711.72,10,5186.31,3.8,14057.93,9094.26
100388,2023-07-05,Printer,Office,Central,Corporate,Debit Card,3,8813.83,10,7720.25,4.7,9461.04,26389.26
100022,2022-03-04,Headphones,Accessories,West,Corporate,Debit Card,4,2551.02,0,6112.64,4.0,2699.15,11954.29
101730,2022-05-20,Laptop,Electronics,East,Consumer,Net Banking,6,61249.82,10,9337.02,4.0,58059.78,342872.34
100124,2022-01-03,Headphones,Accessories,West,Home Office,Credit Card,3,2350.29,0,3191.88,4.6,2497.95,9442.64
101246,2023-04-23,Printer,Office,West,Home Office,UPI,7,9406.28,0,12671.35,4.6,10341.54,72587.01
100773,2022-10-24,Printer,Office,East,Corporate,Net Banking,1,9123.55,10,6125.8,4.0,9046.61,15735.59
100880,2023-11-09,Smartwatch,Wearables,Central,Home Office,UPI,3,5496.56,0,6575.41,4.1,5216.03,28051.03
101144,2022-05-04,Laptop,Electronics,South,Consumer,UPI,1,55985.09,5,3891.08,4.0,59212.13,48837.45
101166,2022-02-25,Printer,Office,Central,Consumer,Credit Card,2,8139.65,5,13663.6,3.5,8833.21,16286.43
100050,2023-06-21,Speaker,Accessories,East,Home Office,UPI,1,3317.22,0,5995.89,4.4,3058.97,7661.44
101396,2022-08-10,Speaker,Accessories,Central,Consumer,Net Banking,8,2933.09,0,8795.44,4.5,3066.11,29972.28
101458,2022-04-13,Smartwatch,Wearables,West,Consumer,Cash on Delivery,1,6023.43,5,12232.89,3.5,5506.01,10327.67
101105,2022-10-22,Speaker,Accessories,East,Corporate,UPI,5,2951.12,5,11844.55,4.5,3104.81,27190.31
100703,2023-03-10,Keyboard,Accessories,North,Home Office,Cash on Delivery,2,1199.85,20,1960.06,3.1,1297.06,2580.81
100482,2023-11-19,Keyboard,Accessories,Central,Corporate,Cash on Delivery,1,1122.33,10,3099.8,4.6,1188.97,5875.75
101145,2022-09-16,Smartphone,Electronics,Central,Corporate,Debit Card,3,21756.68,15,11323.07,3.6,23917.39,56763.66
101911,2023-06-27,Smartphone,Electronics,South,Consumer,UPI,3,22025.91,20,6817.63,4.8,23132.48,51729.74
100066,2022-09-25,Mouse,Accessories,South,Consumer,Credit Card,3,744.6,5,5475.93,4.6,796.07,8810.4
101720,2022-05-20,Mouse,Accessories,North,Corporate,UPI,1,856.46,5,9671.97,5.0,813.39,10236.0
100733,2023-10-09,Printer,Office,West,Consumer,Net Banking,4,9550.16,5,5575.56,3.7,10114.95,53295.37
101784,2022-11-02,Headphones,Accessories,Central,Corporate,Credit Card,1,2256.08,5,2711.2,4.2,2402.89,8535.8
100801,2023-04-08,Headphones,Accessories,South,Corporate,Credit Card,2,2462.23,0,14328.02,4.5,2470.92,14453.82
101948,2022-09-01,Laptop,Electronics,North,Consumer,Cash on Delivery,2,57310.54,0,11587.4,4.6,58986.57,115291.19
101470,2022-02-20,Smartwatch,Wearables,South,Consumer,Credit Card,2,6416.6,0,10365.11,4.9,5822.22,16612.79
100907,2023-08-15,Printer,Office,West,Consumer,Cash on Delivery,1,8286.31,15,9663.38,3.5,7934.07,13215.71
100031,2023-09-30,Smartwatch,Wearables,Central,Corporate,Cash on Delivery,5,6877.0,20,1126.02,4.0,7187.82,29108.71
100417,2023-07-09,Tablet,Electronics,North,Corporate,Cash on Delivery,3,16929.77,20,1601.91,3.5,17663.57,42535.25
100881,2022-10-29,Laptop,Electronics,North,Consumer,UPI,2,51601.08,10,1567.46,3.8,47244.61,139079.99
100632,2022-12-25,Speaker,Accessories,West,Home Office,UPI,5,3328.99,0,12647.07,3.8,3600.57,33457.74
101561,2022-07-10,Laptop,Electronics,East,Home Office,Cash on Delivery,2,55405.51,5,10939.12,4.4,53478.87,114211.11
101918,2022-12-26,Keyboard,Accessories,West,Consumer,UPI,4,1300.43,15,5361.65,3.9,1354.92,10170.98
100064,2023-10-01,Smartphone,Electronics,West,Corporate,Credit Card,2,22822.71,15,6361.48,4.8,22424.11,58116.95
101621,2022-02-13,Headphones,Accessories,East,Consumer,Debit Card,3,2271.0,0,6699.07,4.5,2114.03,9863.77
101606,2022-01-26,Speaker,Accessories,East,Home Office,UPI,5,3237.07,0,11648.5,4.2,2949.34,18469.88
100077,2023-12-27,Keyboard,Accessories,South,Corporate,Cash on Delivery,3,1187.61,15,4542.02,4.7,1138.83,9303.23
100491,2023-01-10,Mouse,Accessories,Central,Consumer,Debit Card,3,720.74,0,7890.99,3.6,790.03,1894.41
101638,2023-08-14,Headphones,Accessories,South,Corporate,Credit Card,1,2368.99,5,7804.25,4.6,2291.19,4847.75
101537,2023-12-21,Keyboard,Accessories,South,Consumer,Credit Card,1,1217.67,0,6792.62,3.7,1254.76,3454.79
100532,2023-07-30,Tablet,Electronics,North,Consumer,UPI,2,18517.18,0,14676.84,4.1,19350.12,44285.96
100065,2022-09-23,Printer,Office,South,Corporate,UPI,2,8447.22,0,9749.22,4.2,9003.08,24668.24
101776,2022-03-13,Speaker,Accessories,East,Consumer,Cash on Delivery,2,3060.51,0,6548.47,3.4,2972.95,11544.87
100296,2022-09-06,Smartwatch,Wearables,North,Consumer,Credit Card,2,6502.84,10,8920.96,4.6,6120.32,20218.17
100591,2023-10-28,Smartphone,Electronics,West,Home Office,Credit Card,1,24546.66,5,1638.64,3.0,22852.65,39485.37
100767,2023-06-24,Mouse,Accessories,North,Consumer,Credit Card,4,867.58,0,6036.75,5.0,781.47,9378.38
100724,2023-03-31,Smartphone,Electronics,North,Consumer,Net Banking,3,24993.41,5,1578.77,4.3,25690.35,72982.1
101425,2022-03-21,Headphones,Accessories,East,Corporate,Debit Card,2,2747.11,5,1422.94,3.5,2759.88,5084.12
100626,2023-03-20,Laptop,Electronics,North,Corporate,Debit Card,2,56256.05,15,10824.92,3.6,58438.7,97180.5
101408,2022-10-02,Monitor,Electronics,South,Home Office,Credit Card,6,13746.76,20,12856.01,4.7,12979.23,100497.99
101947,2023-10-21,Speaker,Accessories,East,Consumer,UPI,5,2702.83,20,14105.64,4.6,2826.75,19404.78
101212,2023-11-25,Keyboard,Accessories,West,Corporate,UPI,1,1117.79,0,2039.1,4.7,1157.44,4289.73
101611,2022-04-28,Monitor,Electronics,Central,Consumer,UPI,3,11884.86,15,14112.43,4.4,11310.12,37882.63
100251,2022-10-03,Laptop,Electronics,West,Corporate,Net Banking,6,58416.39,0,13512.26,3.9,62105.33,488453.93
101819,2022-02-22,Speaker,Accessories,North,Corporate,Debit Card,1,2847.56,0,5125.41,4.4,2659.04,8733.23
101990,2023-06-02,Printer,Office,Central,Consumer,UPI,3,8844.84,5,1331.04,4.0,8609.71,27360.17
101903,2022-03-13,Smartphone,Electronics,East,Corporate,UPI,3,23984.73,10,8018.18,4.4,26034.72,65939.61
100982,2023-04-24,Mouse,Accessories,East,Home Office,Credit Card,4,725.29,0,12915.54,4.1,705.62,9765.3
101772,2023-07-18,Printer,Office,West,Corporate,Credit Card,3,9398.85,0,4157.93,3.5,10326.8,29341.88
100706,2022-06-06,Headphones,Accessories,Central,Corporate,Cash on Delivery,4,2283.34,5,4425.64,4.3,2210.69,14008.38
100487,2022-01-31,Keyboard,Accessories,South,Consumer,Credit Card,1,1299.37,15,1921.84,4.4,1386.2,3439.14
100273,2022-09-23,Laptop,Electronics,West,Corporate,Net Banking,5,62301.23,0,8435.92,3.9,61955.44,318126.77
101761,2023-06-06,Monitor,Electronics,West,Home Office,Cash on Delivery,3,11125.67,0,3664.24,3.5,11432.37,34724.67
101668,2023-06-18,Smartwatch,Wearables,North,Home Office,Net Banking,2,6436.75,15,14486.58,3.8,6160.89,19521.3
100963,2022-03-03,Speaker,Accessories,South,Consumer,Net Banking,4,3378.48,0,8406.9,4.6,3414.59,13552.24
100877,2022-08-04,Laptop,Electronics,Central,Home Office,Debit Card,2,59000.63,10,12703.29,4.3,59887.22,109297.53
101740,2022-10-01,Smartwatch,Wearables,South,Consumer,Credit Card,1,5638.8,0,12009.82,4.9,5765.73,13999.87
101812,2022-12-07,Printer,Office,Central,Corporate,Credit Card,4,8675.2,5,4563.19,5.0,9081.88,50169.28
100411,2022-11-21,Smartphone,Electronics,West,Corporate,Debit Card,1,20610.99,0,1540.11,3.6,21697.61,32800.44
100667,2023-06-19,Headphones,Accessories,North,Corporate,UPI,5,2734.47,5,3284.61,5.0,2631.13,19137.98
101262,2022-11-08,Mouse,Accessories,North,Corporate,Cash on Delivery,2,782.03,5,4203.46,4.9,733.24,9193.64
100149,2022-08-11,Headphones,Accessories,Central,Corporate,Net Banking,3,2311.61,15,10746.8,3.5,2301.67,12154.52
100644,2023-03-19,Printer,Office,North,Corporate,Cash on Delivery,2,8227.59,5,3554.16,4.0,7939.98,20247.79
101604,2023-12-11,Mouse,Accessories,East,Corporate,Cash on Delivery,1,835.95,15,6009.16,4.2,849.07,5865.89
100218,2023-04-27,Laptop,Electronics,West,Corporate,UPI,7,53195.97,0,4079.43,4.4,54132.13,370457.63
100239,2023-08-09,Mouse,Accessories,South,Consumer,Net Banking,1,880.6,20,9285.93,4.7,960.29,6165.85
101131,2023-12-23,Smartphone,Electronics,South,Corporate,Net Banking,2,21243.9,5,2583.31,3.7,22190.62,59115.48
101216,2023-08-12,Monitor,Electronics,West,Home Office,Net Banking,3,11052.31,0,6423.58,3.2,11796.61,37782.48
100792,2022-12-16,Speaker,Accessories,North,Consumer,Debit Card,2,2978.92,0,2487.49,4.7,2903.45,12630.96
100191,2023-08-22,Monitor,Electronics,West,Consumer,Cash on Delivery,2,11083.26,15,13816.76,3.6,10866.09,26486.01
100333,2023-04-05,Tablet,Electronics,East,Home Office,Net Banking,3,17112.93,10,14936.48,4.1,18561.28,54785.49
101321,2022-12-20,Tablet,Electronics,South,Consumer,UPI,2,18680.24,20,14728.05,3.8,17047.51,48721.32
101324,2022-11-22,Smartphone,Electronics,Central,Home Office,Net Banking,3,21423.19,5,9529.05,4.1,21744.17,90132.36
100962,2022-07-14,Printer,Office,North,Home Office,Cash on Delivery,3,10076.26,0,12187.76,3.7,9456.52,35693.06
101320,2023-03-12,Laptop,Electronics,East,Corporate,Credit Card,3,56657.89,5,4715.65,3.7,61038.83,152428.03
101955,2022-09-16,Printer,Office,West,Home Office,Cash on Delivery,1,8235.57,5,13248.81,3.3,7603.29,15325.57
101651,2022-07-01,Tablet,Electronics,South,Corporate,Cash on Delivery,2,19753.17,5,10583.15,4.1,17867.29,48595.93
101616,2022-08-20,Keyboard,Accessories,North,Corporate,Net Banking,1,1311.08,10,4748.21,3.7,1230.44,4838.66
100582,2022-05-24,Smartwatch,Wearables,South,Consumer,Debit Card,1,6522.24,5,11852.55,4.5,6765.35,15019.51
101909,2022-01-07,Mouse,Accessories,East,Home Office,Cash on Delivery,5,831.6,0,10411.46,4.3,904.01,9130.07
101692,2023-05-29,Speaker,Accessories,Central,Corporate,Net Banking,2,3114.98,10,11240.08,3.6,3167.52,10826.95
100839,2022-02-28,Smartwatch,Wearables,South,Home Office,Net Banking,4,5892.89,0,14058.61,4.2,5764.82,22426.44
100627,2023-08-19,Printer,Office,South,Corporate,Net Banking,4,9966.43,20,13165.36,5.0,9370.93,38571.06
100323,2023-02-19,Tablet,Electronics,West,Consumer,Net Banking,4,19867.57,0,4804.99,4.2,18195.02,71064.61
101642,2023-05-19,Tablet,Electronics,South,Consumer,Net Banking,2,18760.33,5,2226.56,3.9,17362.37,41597.74
101160,2023-10-17,Headphones,Accessories,North,Consumer,Cash on Delivery,3,2415.81,15,14220.38,2.7,2310.86,14573.18
100778,2022-07-16,Monitor,Electronics,South,Consumer,Cash on Delivery,4,11668.22,10,9390.27,5.0,11988.84,47816.24
101076,2022-09-23,Mouse,Accessories,South,Consumer,Net Banking,2,725.8,5,12658.29,3.7,739.22,8430.58
100939,2022-08-08,Printer,Office,South,Home Office,Debit Card,2,8732.11,5,1573.82,4.7,8187.53,20492.14
100437,2023-04-18,Keyboard,Accessories,East,Corporate,Debit Card,1,1186.73,0,11461.5,3.6,1182.82,7640.94
100119,2022-09-19,Printer,Office,Central,Corporate,Debit Card,2,9075.56,0,11351.57,4.0,8637.6,26652.2
101552,2023-06-21,Tablet,Electronics,North,Consumer,Cash on Delivery,4,19590.23,20,9494.16,4.1,18538.95,72483.89
101562,2023-05-04,Smartwatch,Wearables,East,Corporate,UPI,1,6201.18,0,12225.14,3.9,5666.53,11417.94
101026,2022-01-29,Keyboard,Accessories,West,Consumer,Credit Card,7,1276.65,5,7308.54,4.5,1212.67,11360.01
101253,2022-09-21,Headphones,Accessories,North,Consumer,Debit Card,5,2702.55,5,8773.28,4.7,2579.05,19959.67
101556,2022-04-04,Tablet,Electronics,West,Corporate,UPI,2,17557.73,0,559.24,3.6,17310.91,36974.39
100076,2023-05-14,Keyboard,Accessories,East,Home Office,Credit Card,8,1112.78,15,6867.67,4.5,1140.95,6283.46
101053,2023-06-13,Mouse,Accessories,South,Consumer,Credit Card,4,793.42,5,12111.99,3.7,857.77,8846.18
100900,2023-11-02,Mouse,Accessories,South,Home Office,Credit Card,3,875.19,10,2334.64,4.1,889.61,5751.52
100371,2023-03-07,Speaker,Accessories,East,Corporate,Net Banking,2,3239.68,5,9345.63,3.2,2931.82,9816.2
101863,2023-10-12,Monitor,Electronics,North,Home Office,Debit Card,6,12506.31,15,2453.73,3.6,11539.52,93541.14
101441,2023-10-29,Laptop,Electronics,West,Consumer,Debit Card,2,58347.64,20,4849.47,4.5,60907.03,129763.5
101977,2023-03-14,Tablet,Electronics,South,Consumer,Credit Card,1,19017.38,20,8435.13,4.0,19618.29,17670.85
100941,2023-02-22,Headphones,Accessories,South,Home Office,Debit Card,3,2568.22,10,9038.8,3.7,2439.34,11063.98
100577,2023-01-27,Smartwatch,Wearables,Central,Home Office,Credit Card,8,6000.53,15,5707.85,3.5,5468.02,37949.04
100819,2023-08-22,Headphones,Accessories,South,Corporate,Credit Card,5,2313.86,5,8188.18,4.6,2407.98,13328.85
101496,2022-07-17,Mouse,Accessories,East,Home Office,Debit Card,2,850.31,20,9693.68,4.9,862.47,4855.31
101490,2022-05-29,Headphones,Accessories,South,Home Office,UPI,4,2671.04,5,5201.25,3.6,2511.81,15391.09
101732,2022-02-03,Keyboard,Accessories,West,Corporate,Debit Card,3,1311.56,5,10114.98,3.5,1205.75,10596.55
101379,2022-11-05,Printer,Office,Central,Home Office,Net Banking,3,8501.56,0,6634.35,3.3,8301.8,40923.76
100886,2023-01-25,Smartphone,Electronics,West,Corporate,UPI,1,21391.59,10,3196.31,4.0,21057.99,15345.32
100968,2022-07-21,Smartwatch,Wearables,West,Consumer,UPI,4,5988.2,20,7443.08,3.8,6172.45,20645.08
101596,2022-02-11,Speaker,Accessories,West,Corporate,Net Banking,3,3122.42,0,6732.85,4.6,3095.93,12627.64
100785,2022-06-10,Mouse,Accessories,South,Consumer,Cash on Delivery,6,863.77,15,6808.82,4.6,795.97,9347.62
101928,2022-01-13,Smartphone,Electronics,Central,Consumer,Cash on Delivery,3,21741.67,5,1957.15,4.8,21968.1,52226.66
101680,2022-10-29,Mouse,Accessories,South,Consumer,UPI,4,820.09,10,14340.87,3.4,768.42,10067.02
101282,2023-11-18,Printer,Office,South,Corporate,Debit Card,5,9650.42,0,8580.09,4.6,9554.28,73608.08
100301,2023-03-31,Speaker,Accessories,North,Consumer,Debit Card,3,3090.66,5,1530.04,3.8,3136.77,13204.22
100689,2023-05-27,Tablet,Electronics,Central,Consumer,Net Banking,3,17780.15,5,12857.11,5.0,19192.03,55707.58
100812,2023-05-26,Speaker,Accessories,Central,Corporate,Cash on Delivery,2,2978.39,10,6081.79,4.4,2929.44,6743.02
101061,2022-12-14,Printer,Office,North,Home Office,Cash on Delivery,2,9283.26,0,1190.38,3.0,8692.74,30727.9
100236,2023-02-15,Speaker,Accessories,East,Home Office,Net Banking,1,2930.86,0,3886.73,3.0,2882.44,6244.97
101115,2022-12-30,Smartwatch,Wearables,North,Home Office,Net Banking,6,6012.02,20,6004.11,3.5,6589.72,43941.97
101355,2023-08-03,Monitor,Electronics,East,Corporate,Credit Card,1,11918.96,0,13071.41,3.9,12493.34,17676.33
100499,2023-05-05,Keyboard,Accessories,Central,Consumer,Debit Card,1,1213.23,10,10360.67,4.5,1096.29,7684.04
101656,2023-05-25,Keyboard,Accessories,South,Corporate,Credit Card,2,1324.38,0,14836.92,4.2,1323.54,10617.48
101079,2022-02-16,Keyboard,Accessories,Central,Home Office,Net Banking,5,1280.55,20,14821.88,4.4,1346.27,14347.13
101326,2023-09-15,Smartwatch,Wearables,South,Corporate,Credit Card,5,6025.55,0,10991.61,4.1,6175.01,40679.77
100794,2023-11-01,Smartphone,Electronics,South,Corporate,Debit Card,4,21177.05,5,12085.65,2.8,20299.15,118700.61
101924,2023-04-24,Smartphone,Electronics,North,Corporate,Debit Card,5,24933.9,0,2713.01,5.0,22481.4,130418.42
101765,2022-08-21,Headphones,Accessories,South,Corporate,Net Banking,6,2611.48,0,12724.64,3.1,2416.42,21315.42
101932,2022-12-15,Speaker,Accessories,North,Home Office,Debit Card,2,3169.08,0,3072.83,4.7,3407.31,9517.84
100990,2023-05-29,Printer,Office,North,Corporate,UPI,2,8290.23,0,8269.5,3.7,8520.61,21660.5
101371,2023-12-06,Mouse,Accessories,North,Corporate,UPI,3,891.64,15,789.84,4.3,912.97,3728.0
100934,2022-04-28,Smartwatch,Wearables,Central,Corporate,Net Banking,3,6064.93,5,5759.68,4.1,5865.09,21020.35
100387,2023-10-10,Tablet,Electronics,Central,Home Office,UPI,2,19854.81,15,2996.45,5.0,19387.18,53013.42
101469,2022-03-16,Keyboard,Accessories,West,Corporate,UPI,8,1310.61,20,5414.17,4.6,1379.16,16375.27
100390,2022-11-28,Laptop,Electronics,East,Corporate,Credit Card,2,61085.12,5,10076.81,3.3,62327.43,164905.11
100743,2023-06-10,Smartwatch,Wearables,Central,Home Office,UPI,4,5908.02,10,8386.46,4.2,5598.75,29010.72
100352,2022-06-12,Monitor,Electronics,South,Home Office,Net Banking,2,12990.39,5,11873.88,3.3,13600.32,29208.11
101217,2022-12-08,Mouse,Accessories,South,Consumer,Credit Card,1,812.67,5,8361.84,4.7,836.25,3834.0
100235,2023-12-09,Monitor,Electronics,East,Corporate,Debit Card,5,13776.41,15,1911.82,3.5,12418.0,89712.58
101706,2022-07-13,Headphones,Accessories,East,Consumer,Credit Card,6,2371.63,10,8388.78,3.8,2400.26,15092.53
100480,2023-02-16,Tablet,Electronics,West,Home Office,Net Banking,1,19002.34,5,12967.89,4.9,17427.42,25563.19
100567,2022-10-21,Monitor,Electronics,West,Consumer,Cash on Delivery,1,10918.23,5,1393.81,4.6,10304.06,17436.69
101140,2023-12-26,Mouse,Accessories,West,Corporate,UPI,1,842.98,0,8559.05,,856.53,7546.41
101681,2022-03-21,Smartphone,Electronics,East,Consumer,UPI,3,23979.8,15,1874.24,5.0,25352.36,62295.51
101864,2023-07-20,Tablet,Electronics,North,Corporate,Debit Card,1,20207.18,5,789.82,4.1,20109.68,22213.18
101565,2023-09-14,Tablet,Electronics,North,Home Office,UPI,3,17544.22,0,12265.21,3.8,17869.1,60103.61
100120,2022-09-05,Printer,Office,East,Corporate,UPI,4,9571.49,15,1225.27,3.5,9026.57,32056.84
101982,2022-01-16,Mouse,Accessories,East,Consumer,Debit Card,2,813.48,10,7655.98,4.7,843.71,7242.03
101024,2023-12-20,Keyboard,Accessories,West,Corporate,UPI,5,1102.92,10,,3.1,1046.33,9853.84
101086,2023-10-13,Printer,Office,Central,Home Office,UPI,5,8116.97,0,4579.0,4.1,8195.43,58770.72
101272,2022-06-29,Keyboard,Accessories,East,Corporate,Credit Card,3,1224.71,10,4017.8,5.0,1212.15,7972.39
100926,2022-12-10,Speaker,Accessories,South,Consumer,UPI,3,3206.72,10,14389.09,3.9,3427.43,16468.47
100515,2023-04-20,Monitor,Electronics,North,Corporate,Net Banking,2,13018.82,5,11181.45,4.2,12376.23,31660.11
100223,2022-07-11,Tablet,Electronics,South,Home Office,Net Banking,2,18555.33,20,12275.13,4.4,17901.19,38560.61
101477,2023-07-24,Monitor,Electronics,West,Corporate,Cash on Delivery,3,13074.53,10,2093.05,4.0,12622.78,35945.34
100613,2022-10-22,Mouse,Accessories,North,Consumer,Debit Card,2,879.12,5,3822.19,4.3,937.83,5292.53
100843,2022-03-08,Headphones,Accessories,South,Corporate,Debit Card,1,2864.1,15,8904.77,4.0,2737.76,7183.01
101245,2023-01-04,Smartwatch,Wearables,Central,Home Office,Cash on Delivery,1,6011.79,5,14499.62,5.0,6268.2,14096.47
100052,2022-11-10,Printer,Office,East,Home Office,Debit Card,6,8170.01,10,2041.98,3.5,8423.74,64730.14
101843,2023-05-10,Smartphone,Electronics,East,Consumer,Net Banking,2,21911.53,20,4412.99,3.7,21805.48,38562.65
100485,2022-11-07,Smartphone,Electronics,East,Corporate,Net Banking,1,20125.73,0,3177.44,4.4,20977.78,25719.38
101933,2023-11-06,Laptop,Electronics,East,Consumer,Credit Card,3,52222.95,5,7573.59,4.4,52876.06,211548.75
100818,2022-08-13,Speaker,Accessories,South,Corporate,Cash on Delivery,2,3364.08,0,14319.18,3.6,3089.33,11143.22
100155,2023-09-18,Headphones,Accessories,Central,Consumer,Debit Card,1,2395.03,0,8537.89,3.7,2269.1,5629.31
101366,2023-07-27,Monitor,Electronics,Central,Consumer,Cash on Delivery,2,10828.74,0,11050.54,3.3,11051.3,28001.54
100600,2022-01-15,Speaker,Accessories,East,Home Office,Debit Card,1,2839.68,5,12537.57,4.2,2756.71,9762.77
101602,2023-02-26,Headphones,Accessories,Central,Consumer,UPI,2,2805.79,0,12070.0,4.5,2737.31,14050.11
100248,2022-12-21,Tablet,Electronics,East,Consumer,Debit Card,5,19551.71,5,790.34,4.0,19877.92,130408.82
100761,2022-08-07,Speaker,Accessories,East,Corporate,Credit Card,2,3408.17,5,5495.28,4.5,3254.11,11414.52
101827,2023-01-10,Laptop,Electronics,North,Consumer,Credit Card,2,55512.25,10,1027.38,4.4,59367.19,72152.9
101130,2022-02-08,Speaker,Accessories,South,Consumer,Cash on Delivery,5,3045.76,10,5298.8,3.4,3016.63,14638.44
100542,2022-12-26,Smartphone,Electronics,Central,Home Office,Debit Card,3,23836.56,5,5649.41,3.1,24047.18,94893.71
100793,2022-06-14,Speaker,Accessories,Central,Corporate,Credit Card,6,2969.37,10,9363.93,3.8,2950.27,18972.07
101141,2022-05-09,Smartwatch,Wearables,Central,Consumer,UPI,6,5733.83,5,,4.0,5352.23,39621.64
101455,2022-02-15,Mouse,Accessories,South,Consumer,Net Banking,3,919.43,15,11081.99,,984.87,6161.29
100628,2023-05-23,Headphones,Accessories,East,Corporate,Credit Card,4,2713.45,5,1334.79,3.8,2621.4,15487.65
100150,2022-03-06,Speaker,Accessories,East,Corporate,Credit Card,3,3013.96,5,11012.59,5.0,3180.96,16238.48
101837,2022-10-31,Keyboard,Accessories,North,Corporate,Credit Card,4,1296.03,5,3212.15,4.4,1174.3,14143.52
100291,2022-01-21,Laptop,Electronics,South,Home Office,UPI,2,50761.94,10,13250.2,5.0,48275.56,87358.86
100381,2022-04-24,Smartwatch,Wearables,West,Corporate,Cash on Delivery,1,6405.67,0,8991.26,5.0,6719.86,12751.96
100686,2022-10-13,Smartphone,Electronics,West,Consumer,Cash on Delivery,2,22206.19,0,2238.45,4.6,21290.81,66058.11
101367,2022-04-02,Smartphone,Electronics,North,Corporate,Debit Card,1,22304.15,0,12441.83,3.8,21986.32,25393.85
101224,2023-03-24,Monitor,Electronics,South,Home Office,Net Banking,1,12784.02,10,12975.08,4.0,11754.2,17918.26
100897,2023-08-12,Tablet,Electronics,East,Home Office,UPI,4,17811.66,0,3456.35,4.1,18872.99,69649.05
100854,2023-11-25,Keyboard,Accessories,South,Home Office,Credit Card,4,1214.91,10,10480.13,2.3,1250.16,14028.55
101071,2023-08-14,Tablet,Electronics,East,Home Office,Debit Card,1,20576.65,0,11028.17,5.0,21239.69,25316.76
101999,2022-05-28,Smartwatch,Wearables,Central,Consumer,Net Banking,4,5583.16,10,4030.25,3.3,5457.95,24595.73
101527,2022-10-17,Mouse,Accessories,South,Corporate,Net Banking,5,815.21,10,1305.92,3.8,756.56,8194.53
101687,2023-06-02,Speaker,Accessories,North,Home Office,Debit Card,2,2947.55,5,5631.29,3.5,3048.74,102977.36
100891,2023-05-31,Smartwatch,Wearables,North,Home Office,Net Banking,4,6088.37,20,,3.4,5553.99,27643.23
101756,2022-12-14,Headphones,Accessories,East,Consumer,Cash on Delivery,3,2679.31,0,6627.45,4.7,2655.78,16592.56
101315,2023-06-24,Monitor,Electronics,Central,Consumer,Credit Card,3,12646.47,0,14249.0,4.3,13504.89,48857.26
101364,2022-09-15,Speaker,Accessories,North,Home Office,Debit Card,5,3409.45,5,13933.0,4.8,3397.77,21605.6
100615,2023-03-13,Printer,Office,North,Consumer,UPI,4,9024.57,5,4131.43,3.9,8388.38,40442.84
100154,2023-01-22,Monitor,Electronics,North,Corporate,UPI,4,13765.56,0,4163.37,5.0,14010.41,52051.66
101193,2022-10-25,Mouse,Accessories,East,Corporate,Credit Card,2,862.52,5,2825.21,3.9,902.4,6356.28
101713,2023-10-20,Monitor,Electronics,South,Consumer,UPI,4,11196.72,10,11051.26,3.1,11467.43,61076.97
101997,2022-08-10,Keyboard,Accessories,East,Consumer,Net Banking,3,1334.19,15,13658.49,3.7,1286.57,10043.91
101780,2022-06-20,Smartphone,Electronics,West,Consumer,Credit Card,3,22848.29,0,11793.53,4.7,23191.75,74191.38
100322,2023-05-28,Speaker,Accessories,North,Consumer,UPI,3,3421.75,5,1557.03,3.3,3629.59,12934.28
101547,2022-12-23,Keyboard,Accessories,North,Home Office,Cash on Delivery,2,1154.1,15,8414.34,4.0,1089.2,4040.65
101282,2023-11-18,Printer,Office,South,Corporate,Debit Card,5,9650.42,0,8580.09,4.6,9554.28,73608.08
100082,2023-10-22,Speaker,Accessories,West,Corporate,Net Banking,5,3090.13,0,11742.52,4.1,2956.8,24519.27
100512,2022-03-01,Mouse,Accessories,Central,Corporate,Net Banking,4,726.32,0,13559.66,4.4,755.49,11689.78
101526,2022-02-20,Mouse,Accessories,East,Home Office,Net Banking,3,892.68,0,8778.37,5.0,803.94,7437.17
101970,2023-12-28,Smartphone,Electronics,East,Corporate,Credit Card,1,20339.69,5,14885.04,5.0,20221.8,37221.05
100929,2023-08-29,Headphones,Accessories,North,Corporate,Debit Card,3,2344.4,0,12103.4,3.3,2158.18,13495.38
101632,2023-03-01,Printer,Office,East,Consumer,Net Banking,2,9706.61,15,3147.68,3.5,10639.47,20192.81
101357,2023-05-17,Laptop,Electronics,East,Corporate,Cash on Delivery,4,58095.97,15,13655.34,3.5,60227.79,203277.58
100010,2023-04-28,Keyboard,Accessories,South,Consumer,Credit Card,3,1173.68,0,3489.7,3.3,1204.67,7835.87
100831,2023-05-31,Printer,Office,North,Consumer,Net Banking,2,8417.2,10,11338.19,3.9,7741.98,21625.95
100032,2023-04-06,Smartphone,Electronics,East,Home Office,Net Banking,4,20633.63,0,8869.01,4.0,19234.04,92472.93
101515,2022-02-24,Headphones,Accessories,West,Home Office,Cash on Delivery,2,2370.67,20,8467.38,4.3,2320.98,7520.93
100413,2022-09-14,Mouse,Accessories,North,Consumer,Credit Card,2,817.49,5,9771.1,4.0,780.66,4962.25
100580,2023-11-22,Smartphone,Electronics,Central,Corporate,UPI,5,23736.0,15,5518.55,2.9,23996.66,142724.71
101406,2023-05-03,Headphones,Accessories,Central,Consumer,UPI,4,2410.92,5,4571.24,3.9,2580.64,10831.73
101550,2022-11-19,Printer,Office,South,Corporate,Cash on Delivery,3,9325.88,20,5814.82,4.1,8845.54,37144.66
101628,2022-07-02,Mouse,Accessories,East,Corporate,Credit Card,3,900.99,15,646.78,3.7,985.47,4061.13
101906,2023-02-19,Smartphone,Electronics,North,Corporate,Credit Card,1,20998.41,10,4887.69,4.1,21067.87,19420.38
100614,2023-10-14,Headphones,Accessories,Central,Home Office,Debit Card,2,2671.52,5,6959.43,4.0,2415.69,14181.93
101045,2023-03-22,Mouse,Accessories,East,Corporate,Credit Card,2,872.71,15,3948.4,3.5,865.17,4252.04
101402,2022-02-13,Smartphone,Electronics,East,Home Office,Debit Card,4,22078.75,0,3379.55,4.4,20368.24,79167.28
101014,2022-03-23,Laptop,Electronics,North,Consumer,Credit Card,2,61566.98,5,4470.07,3.5,58604.27,126751.47
100089,2023-02-02,Speaker,Accessories,Central,Consumer,Debit Card,3,3146.35,0,7229.38,4.1,3258.07,13002.31
101700,2023-11-06,Smartwatch,Wearables,East,Home Office,Net Banking,3,6746.19,0,5559.18,4.8,6201.63,37911.36
100601,2022-05-27,Headphones,Accessories,West,Corporate,Credit Card,3,2452.27,0,8959.82,4.1,2651.45,13467.58
101237,2022-12-03,Smartphone,Electronics,North,Corporate,UPI,2,21167.67,15,9763.74,4.5,20155.4,60015.9
101838,2023-02-03,Keyboard,Accessories,North,Corporate,UPI,4,1376.4,5,12306.44,5.0,1345.4,10009.24
100133,2023-10-10,Mouse,Accessories,South,Home Office,Debit Card,4,849.66,0,5944.3,,934.15,11312.0
101370,2022-05-12,Printer,Office,Central,Home Office,Cash on Delivery,1,8704.14,0,7870.15,4.5,8253.91,13167.42
100555,2023-07-09,Tablet,Electronics,South,Corporate,Credit Card,2,19449.44,0,9058.35,3.5,20203.61,44911.68
101031,2023-11-23,Printer,Office,West,Corporate,UPI,1,9881.37,15,10447.58,3.7,9648.45,16998.58
101566,2023-08-17,Printer,Office,South,Consumer,Debit Card,4,8137.95,10,9839.37,4.4,7811.12,34478.36
100320,2022-09-24,Smartphone,Electronics,Central,Consumer,Cash on Delivery,2,25107.11,0,,4.1,25120.31,55154.98
101771,2022-08-09,Keyboard,Accessories,North,Consumer,Net Banking,4,1259.6,5,10925.74,4.1,1164.29,9767.64
101211,2023-08-19,Headphones,Accessories,Central,Corporate,Debit Card,8,2408.34,15,14794.32,4.4,2629.77,25653.76
101738,2022-03-09,Headphones,Accessories,North,Corporate,UPI,4,2403.87,5,13910.97,3.5,2255.13,12664.64
100634,2022-07-10,Monitor,Electronics,North,Consumer,Credit Card,4,11906.65,5,5727.73,4.2,12078.34,51861.24
100552,2022-02-13,Headphones,Accessories,Central,Corporate,Net Banking,6,2667.81,10,758.59,3.6,2415.1,14269.27
101328,2022-08-24,Printer,Office,South,Corporate,Net Banking,3,8561.16,10,12095.87,3.7,8114.51,28424.02
101055,2023-01-23,Keyboard,Accessories,Central,Consumer,UPI,5,1368.38,10,9652.03,3.6,1343.57,9182.83
101559,2023-03-26,Keyboard,Accessories,West,Corporate,UPI,2,1320.49,5,11301.4,4.0,1212.09,9239.65
100796,2022-02-23,Mouse,Accessories,Central,Corporate,UPI,3,799.32,5,14939.76,3.4,785.59,7773.45
101718,2022-11-04,Mouse,Accessories,East,Corporate,Cash on Delivery,3,852.1,0,1414.35,4.8,791.6,5981.93
101264,2022-08-17,Tablet,Electronics,East,Consumer,UPI,3,17068.66,20,3336.33,3.3,18384.99,44845.16
101833,2022-03-24,Laptop,Electronics,West,Consumer,Cash on Delivery,1,56081.85,10,7949.3,4.0,58425.01,49058.22
100174,2022-04-16,Mouse,Accessories,East,Home Office,UPI,1,915.67,20,6229.75,3.6,947.0,7209.21
100766,2022-12-07,Mouse,Accessories,East,Consumer,Cash on Delivery,5,844.98,0,11346.78,4.0,853.68,11070.24
100245,2022-05-10,Mouse,Accessories,North,Consumer,Cash on Delivery,3,742.3,5,8932.68,3.5,733.95,8609.13
101080,2022-10-09,Smartwatch,Wearables,West,Corporate,Debit Card,5,6328.63,5,9294.62,4.7,5911.05,49246.65
101737,2022-11-04,Mouse,Accessories,Central,Consumer,Debit Card,5,834.89,0,10218.85,2.6,895.0,8115.13
100145,2022-06-05,Mouse,Accessories,West,Corporate,UPI,2,834.52,0,13858.96,5.0,810.31,12214.15
100090,2022-04-14,Headphones,Accessories,West,Home Office,Credit Card,3,2489.11,5,3135.22,3.0,2410.36,8398.54
101416,2022-06-21,Laptop,Electronics,North,Corporate,Net Banking,2,60047.83,5,11450.19,3.6,61262.33,116901.38
100682,2023-05-14,Laptop,Electronics,South,Consumer,Net Banking,2,57880.7,5,6527.08,3.8,63009.49,105695.52
100310,2022-11-09,Tablet,Electronics,Central,Home Office,Debit Card,6,19035.08,5,2592.52,3.9,17936.79,157932.46
101383,2023-08-03,Mouse,Accessories,South,Corporate,Cash on Delivery,3,912.0,5,8770.69,3.1,968.62,6488.19
100093,2022-03-31,Monitor,Electronics,North,Consumer,UPI,1,12667.24,10,8885.33,4.3,13011.68,15232.34
101568,2022-04-24,Tablet,Electronics,Central,Consumer,Cash on Delivery,3,18704.04,15,3499.88,4.5,19654.05,48632.23
100924,2022-11-30,Monitor,Electronics,West,Consumer,Cash on Delivery,6,12406.89,0,8307.9,4.2,12775.93,106201.73
101686,2022-06-12,Smartwatch,Wearables,West,Corporate,Cash on Delivery,1,6279.7,5,5779.38,4.0,5998.04,7876.1
101035,2022-10-19,Headphones,Accessories,North,Home Office,Debit Card,4,2375.23,5,6883.18,5.0,2465.72,15333.3
101400,2022-12-28,Smartphone,Electronics,North,Consumer,Cash on Delivery,1,21816.09,10,6693.76,4.3,22042.38,31717.98
100243,2022-05-06,Speaker,Accessories,South,Corporate,Net Banking,4,3399.72,5,8128.2,4.6,3191.08,20435.69
101111,2022-04-18,Mouse,Accessories,East,Corporate,Debit Card,3,917.92,0,4320.51,4.6,971.59,8639.08
100214,2023-05-04,Keyboard,Accessories,Central,Corporate,Cash on Delivery,2,1225.14,5,5688.26,5.0,1142.19,10699.97
101984,2023-11-18,Tablet,Electronics,North,Consumer,Net Banking,3,20432.13,5,10285.36,4.6,21106.08,86829.87
101197,2023-12-20,Smartwatch,Wearables,West,Home Office,Net Banking,4,5417.33,10,4549.67,4.4,4986.56,27984.71
100998,2022-09-19,Monitor,Electronics,South,Home Office,Credit Card,1,12567.18,5,1632.51,3.7,13165.92,15743.08
100853,2023-10-18,Smartphone,Electronics,East,Consumer,UPI,7,21188.25,0,2543.04,4.3,22771.9,209698.68
100425,2022-10-04,Tablet,Electronics,Central,Consumer,Net Banking,4,18437.58,0,4715.47,4.3,16741.79,112598.22
101763,2023-12-14,Speaker,Accessories,North,Home Office,UPI,3,3110.84,5,10094.76,3.7,3261.16,13971.18
101142,2023-11-13,Smartwatch,Wearables,East,Corporate,UPI,5,5712.45,10,4624.09,4.4,5326.83,39863.67
101143,2023-05-08,Mouse,Accessories,Central,Home Office,Cash on Delivery,4,766.98,10,6744.77,4.3,723.69,6118.34
100226,2023-08-25,Monitor,Electronics,Central,Corporate,UPI,2,13630.72,15,4696.89,4.5,14957.16,25592.31
101627,2022-07-13,Monitor,Electronics,Central,Home Office,Credit Card,5,13668.71,15,11631.1,5.0,14592.8,60994.37
100000,2022-05-31,Smartphone,Electronics,West,Corporate,Net Banking,1,21493.61,10,3426.88,4.3,21251.81,21875.84
101418,2023-06-21,Tablet,Electronics,Central,Consumer,Cash on Delivery,5,19973.52,20,7351.03,4.1,19812.2,85795.53
100401,2022-08-10,Monitor,Electronics,East,Corporate,Debit Card,2,11317.05,10,13718.07,4.9,11914.5,31622.13
101428,2022-02-21,Mouse,Accessories,North,Corporate,Net Banking,2,764.69,10,13611.05,3.6,744.04,3961.78
101103,2022-02-24,Headphones,Accessories,South,Home Office,Net Banking,1,2585.82,20,9147.51,4.9,2599.03,7906.42
100084,2022-06-06,Mouse,Accessories,North,Corporate,Cash on Delivery,4,834.36,15,14173.27,3.0,907.17,6773.71
100162,2022-03-14,Smartphone,Electronics,East,Corporate,Debit Card,6,19837.83,0,10121.09,3.1,21363.7,117960.44
100114,2022-03-25,Keyboard,Accessories,West,Consumer,Cash on Delivery,3,1305.28,0,4528.87,3.8,1430.69,3813.24
100670,2022-11-04,Tablet,Electronics,North,Corporate,Debit Card,3,18725.04,0,6303.4,4.5,17342.11,86426.97
101174,2022-06-09,Smartphone,Electronics,Central,Corporate,Net Banking,3,20241.23,20,8453.82,4.5,20298.94,55943.67
101528,2022-09-14,Mouse,Accessories,Central,Corporate,UPI,4,749.08,10,2378.94,4.4,773.07,4714.33
101518,2023-05-24,Printer,Office,South,Home Office,Cash on Delivery,6,8838.51,5,6696.01,4.1,9388.46,54469.79
101392,2022-06-13,Smartwatch,Wearables,West,Corporate,Net Banking,1,5458.89,5,13362.38,3.4,5729.86,9422.98
100889,2023-01-25,Monitor,Electronics,West,Home Office,Net Banking,5,11222.23,0,9771.17,4.0,10480.49,53792.39
101501,2022-01-21,Speaker,Accessories,South,Corporate,Cash on Delivery,5,3006.01,0,8991.08,4.7,2926.28,14872.97
100625,2023-05-12,Speaker,Accessories,West,Corporate,Credit Card,2,3099.08,5,3740.67,3.6,3131.84,10140.2
101962,2022-11-15,Tablet,Electronics,East,Corporate,Credit Card,2,19456.05,0,2265.7,3.8,19505.92,58478.48
100952,2023-08-23,Laptop,Electronics,South,Consumer,UPI,4,56202.71,5,5946.01,3.6,58251.92,213364.88
100807,2023-02-02,Laptop,Electronics,North,Consumer,Cash on Delivery,3,58199.07,0,4752.36,4.0,62280.2,133740.0
100258,2022-06-29,Speaker,Accessories,East,Corporate,Credit Card,5,2987.16,10,8439.01,4.0,3056.89,16571.69
100624,2022-09-04,Monitor,Electronics,South,Consumer,UPI,2,13336.88,15,12399.1,4.6,14425.26,25242.63
100826,2023-04-02,Headphones,Accessories,South,Home Office,Credit Card,1,2461.54,5,5418.02,5.0,2275.02,5192.38
100234,2023-08-22,Headphones,Accessories,West,Corporate,Debit Card,3,2532.63,10,10454.45,4.2,2671.0,12652.62
100135,2023-11-02,Smartphone,Electronics,North,Consumer,Net Banking,3,24015.83,5,11838.42,4.6,24102.33,103341.77
100616,2022-05-26,Headphones,Accessories,North,Consumer,Cash on Delivery,1,2575.01,10,1743.39,5.0,2825.2,4394.91
101963,2022-02-14,Monitor,Electronics,West,Corporate,Cash on Delivery,5,10978.81,0,13614.05,3.4,11964.16,48320.29
100836,2022-10-06,Smartphone,Electronics,North,Corporate,Credit Card,3,20683.94,10,6754.8,3.0,21128.05,80117.7
100842,2022-08-14,Tablet,Electronics,Central,Home Office,Credit Card,1,17551.63,5,7251.66,4.1,16464.5,18561.63
100959,2023-02-07,Smartphone,Electronics,Central,Corporate,UPI,1,20877.88,5,11898.67,3.6,22763.15,20193.11
100592,2022-09-01,Smartwatch,Wearables,North,Consumer,Credit Card,4,5832.19,10,3476.44,4.5,5449.43,28558.13
101314,2022-10-03,Tablet,Electronics,South,Corporate,UPI,4,20419.82,10,9280.89,4.2,19331.49,107209.17
101525,2022-06-09,Tablet,Electronics,West,Consumer,Debit Card,3,17045.13,10,9079.37,3.1,16473.23,52420.34
101291,2023-12-14,Tablet,Electronics,East,Home Office,Cash on Delivery,1,19991.1,0,3664.61,3.4,20309.47,27618.01
100343,2023-11-19,Mouse,Accessories,South,Corporate,UPI,4,795.24,5,8126.23,3.8,799.1,11248.86
101650,2022-08-08,Laptop,Electronics,East,Home Office,Credit Card,2,50099.55,15,7975.68,3.8,45631.82,99189.87
101576,2023-12-27,Smartwatch,Wearables,Central,Home Office,Net Banking,4,5746.98,10,10440.16,3.7,6228.01,33407.82
100293,2023-01-24,Laptop,Electronics,North,Home Office,Debit Card,4,53840.44,0,10004.89,4.2,57821.36,168963.64
100364,2023-07-14,Tablet,Electronics,North,Corporate,UPI,1,19660.98,15,6972.14,4.5,18529.6,23816.05
100178,2023-10-18,Tablet,Electronics,Central,Home Office,Debit Card,1,19743.17,0,1083.74,3.1,21614.04,28817.9
100659,2023-10-07,Monitor,Electronics,East,Corporate,Net Banking,2,11563.83,20,9714.13,4.4,12077.31,28975.73
100996,2022-09-23,Smartwatch,Wearables,East,Consumer,Debit Card,2,5405.47,10,11540.99,3.9,5841.93,13986.82
100014,2023-04-22,Speaker,Accessories,West,Consumer,Cash on Delivery,3,3037.78,10,5539.79,4.8,3297.31,13240.13
101110,2022-01-18,Keyboard,Accessories,South,Consumer,Credit Card,4,1264.03,0,7810.15,4.2,1205.79,11739.66
101394,2023-06-21,Speaker,Accessories,North,Corporate,Net Banking,2,2758.72,5,9767.17,4.5,2839.42,9141.93
100165,2022-12-11,Tablet,Electronics,East,Corporate,Debit Card,2,19709.95,0,1597.09,3.7,20045.33,56429.36
101881,2022-03-17,Speaker,Accessories,West,Corporate,Cash on Delivery,5,3181.29,5,2804.01,4.7,3129.44,18979.23
101359,2023-12-26,Smartwatch,Wearables,West,Corporate,Net Banking,3,5849.5,10,6651.2,3.9,6283.88,22566.8
100059,2022-06-28,Tablet,Electronics,West,Consumer,Cash on Delivery,2,17930.3,5,9957.25,4.2,18803.84,39008.5
100709,2022-01-24,Speaker,Accessories,West,Corporate,Net Banking,4,3037.97,5,7883.57,4.1,3313.32,14816.44
100676,2023-06-11,Monitor,Electronics,Central,Corporate,Cash on Delivery,1,11804.23,5,8219.04,4.3,11493.22,16396.29
101378,2022-06-28,Smartphone,Electronics,West,Home Office,Debit Card,1,20670.95,0,7873.31,5.0,18814.5,28824.38
100780,2022-06-04,Printer,Office,East,Consumer,Cash on Delivery,2,8292.3,5,12708.4,5.0,8348.31,24679.21
100424,2023-05-07,Smartwatch,Wearables,South,Home Office,UPI,3,5452.76,15,11742.31,5.0,5949.66,18900.41
100292,2023-12-04,Laptop,Electronics,North,Home Office,Net Banking,4,55369.8,5,13964.06,3.3,55650.18,302625.85
101065,2022-05-10,Mouse,Accessories,South,Home Office,Debit Card,6,882.61,5,14371.2,,940.79,12848.35
101792,2022-01-31,Smartwatch,Wearables,East,Corporate,UPI,2,6787.04,15,4481.4,5.0,6287.44,16252.75
100329,2022-04-11,Keyboard,Accessories,North,Home Office,Credit Card,2,1335.76,0,13178.77,4.9,1287.47,8081.81
100429,2023-05-18,Laptop,Electronics,West,Consumer,Cash on Delivery,6,53963.37,10,10037.94,,51524.68,303814.68
101012,2022-10-16,Laptop,Electronics,South,Home Office,Credit Card,2,54172.84,5,5264.23,4.1,49903.0,155658.64
100079,2023-02-18,Mouse,Accessories,North,Corporate,Net Banking,1,781.23,5,9665.3,5.0,704.06,7975.05
101052,2022-12-15,Speaker,Accessories,West,Home Office,UPI,1,2984.81,10,2675.35,3.2,2730.88,6854.73
100937,2023-10-19,Mouse,Accessories,East,Corporate,Cash on Delivery,3,798.11,0,2691.1,3.5,865.73,4372.84
100834,2022-02-18,Tablet,Electronics,Central,Home Office,Debit Card,4,19099.09,0,11007.15,3.9,18172.44,70197.88
100749,2022-04-30,Printer,Office,South,Consumer,Debit Card,6,8851.94,5,3783.43,5.0,8333.05,58793.33
100890,2023-04-12,Headphones,Accessories,South,Home Office,Credit Card,6,2810.88,0,14200.89,3.8,2822.52,22975.3
100254,2023-05-31,Tablet,Electronics,East,Consumer,Net Banking,4,16758.48,0,10956.42,3.8,16715.62,70837.56
101813,2022-07-22,Mouse,Accessories,Central,Consumer,Credit Card,2,751.88,20,11049.7,4.5,769.79,7372.21
101482,2022-12-07,Tablet,Electronics,West,Home Office,Debit Card,4,17760.61,20,11821.42,4.4,17420.76,83171.0
101960,2023-12-26,Keyboard,Accessories,East,Home Office,Debit Card,2,1175.55,5,,5.0,1238.65,6193.48
101407,2022-10-31,Laptop,Electronics,South,Consumer,Credit Card,1,57989.75,10,3593.89,4.8,54211.16,84124.01
101337,2023-04-20,Smartphone,Electronics,Central,Consumer,Net Banking,5,23056.14,0,13629.88,3.0,23464.47,119736.46
101108,2023-01-29,Headphones,Accessories,East,Home Office,Debit Card,2,2598.87,0,1033.44,4.0,2530.28,7069.87
100136,2023-12-05,Laptop,Electronics,East,Consumer,UPI,4,51681.83,0,9278.47,5.0,55326.28,287160.96
101135,2022-08-20,Monitor,Electronics,East,Consumer,Cash on Delivery,2,13123.68,5,14599.3,4.4,14081.63,29019.73
101218,2023-09-29,Tablet,Electronics,West,Home Office,Net Banking,2,16723.53,20,3596.66,3.8,16492.01,31812.71
100852,2022-04-28,Keyboard,Accessories,North,Consumer,Net Banking,3,1271.9,5,2137.1,4.4,1292.12,7184.33
101202,2022-09-14,Smartphone,Electronics,South,Consumer,UPI,7,24485.1,0,7834.58,4.7,22900.55,180911.55
101887,2023-08-02,Monitor,Electronics,West,Home Office,Credit Card,3,12114.91,5,4768.52,3.7,11664.59,35480.94
100723,2023-12-26,Smartphone,Electronics,West,Home Office,Cash on Delivery,5,21409.37,0,6850.97,3.8,19292.39,159192.67
100859,2022-08-26,Keyboard,Accessories,North,Home Office,UPI,3,1175.1,0,13635.1,3.4,1177.61,9282.82
100969,2022-07-05,Smartwatch,Wearables,West,Consumer,Debit Card,3,5643.42,0,2983.6,4.6,5740.61,18505.04
100496,2023-02-08,Keyboard,Accessories,North,Corporate,Net Banking,3,1275.03,10,14365.21,4.7,1170.85,11894.1
100950,2023-09-27,Headphones,Accessories,South,Home Office,Credit Card,1,2284.67,15,14612.66,4.7,2060.27,7656.18
100805,2022-07-04,Speaker,Accessories,Central,Corporate,Net Banking,1,3266.76,0,4995.32,3.2,3517.96,6405.56
100129,2022-01-11,Smartphone,Electronics,North,Corporate,Net Banking,1,21950.68,0,3683.53,,22200.38,21340.44
100337,2022-12-20,Headphones,Accessories,Central,Consumer,Credit Card,2,2344.63,10,10754.81,3.8,2159.78,9635.37
101998,2023-02-10,Tablet,Electronics,East,Corporate,UPI,2,18496.53,5,12444.9,4.2,17776.54,37129.18
100608,2022-01-24,Laptop,Electronics,South,Corporate,Credit Card,1,57919.28,10,6542.86,3.6,54690.59,53719.81
101148,2022-08-04,Speaker,Accessories,North,Home Office,Net Banking,7,3161.17,10,13290.56,3.9,3096.49,25352.14
100195,2022-03-14,Smartwatch,Wearables,East,Consumer,Net Banking,3,6570.52,10,11628.73,4.1,6960.16,19177.96
101250,2022-11-20,Smartphone,Electronics,South,Consumer,UPI,3,21398.86,20,13710.23,4.5,23011.87,72375.04
101292,2023-11-11,Keyboard,Accessories,South,Home Office,Cash on Delivery,5,1347.75,0,4489.35,3.7,1353.95,13468.52
101979,2022-07-27,Printer,Office,South,Consumer,Credit Card,2,8488.34,5,7058.3,4.0,8980.24,19766.21
100909,2023-05-13,Smartphone,Electronics,East,Consumer,Net Banking,4,25220.01,15,14916.67,4.0,25237.05,92488.29
100584,2023-04-03,Tablet,Electronics,West,Corporate,Net Banking,1,19080.14,20,528.01,4.6,19966.62,18514.57
100103,2023-05-09,Mouse,Accessories,North,Home Office,Net Banking,1,908.16,5,6436.48,4.4,877.68,6185.06
101850,2023-09-05,Smartphone,Electronics,North,Consumer,UPI,2,23351.3,15,4878.06,4.7,22795.66,43424.73
101869,2023-11-10,Mouse,Accessories,East,Consumer,UPI,1,871.34,15,3021.9,3.9,824.93,5349.59
100719,2022-12-03,Smartphone,Electronics,South,Corporate,UPI,2,24678.43,0,11354.47,4.6,22794.96,77950.65
100884,2023-05-15,Mouse,Accessories,South,Consumer,Net Banking,3,845.73,0,14567.38,3.5,883.64,10995.55
100776,2022-11-13,Smartphone,Electronics,Central,Home Office,Net Banking,3,23054.18,0,517.45,3.4,21633.52,102445.36
101569,2023-11-12,Monitor,Electronics,Central,Home Office,UPI,2,13736.45,0,10976.05,3.4,15015.22,41456.58
100849,2023-10-30,Smartwatch,Wearables,West,Consumer,UPI,1,5995.4,5,11199.71,4.0,6371.97,9162.5
100894,2022-02-08,Laptop,Electronics,East,Corporate,UPI,2,49523.72,0,1972.57,3.5,53433.26,75171.03
100227,2023-01-22,Mouse,Accessories,West,Home Office,UPI,1,863.49,5,12811.92,3.4,921.6,5937.16
101883,2022-09-28,Printer,Office,Central,Consumer,Cash on Delivery,3,9018.9,10,3993.52,4.1,8625.8,29598.79
101325,2022-09-13,Laptop,Electronics,East,Consumer,UPI,2,52651.29,15,12454.96,4.0,55485.67,89946.22
101299,2022-06-18,Tablet,Electronics,West,Consumer,Debit Card,3,18741.46,0,11457.77,3.5,19140.24,62594.73
100126,2023-07-02,Mouse,Accessories,North,Consumer,Cash on Delivery,3,783.72,15,1625.79,3.8,787.11,6526.98
100405,2022-05-03,Laptop,Electronics,West,Consumer,Cash on Delivery,4,56401.61,10,8618.41,,52751.44,208734.9
100775,2023-06-12,Keyboard,Accessories,West,Consumer,Debit Card,5,1376.87,0,7986.93,3.9,1368.08,14429.02
100821,2023-11-26,Mouse,Accessories,Central,Home Office,UPI,2,729.19,0,3213.6,4.8,690.63,5672.26
100711,2023-03-15,Speaker,Accessories,East,Consumer,Net Banking,2,3032.73,0,4656.56,3.8,3121.99,10250.49
101891,2023-03-17,Tablet,Electronics,West,Consumer,Debit Card,2,17084.12,5,13156.75,3.1,16803.73,41218.78
101060,2023-12-02,Laptop,Electronics,Central,Home Office,Net Banking,7,50294.29,0,3471.24,3.8,47425.96,498835.49
101163,2022-03-28,Smartphone,Electronics,West,Consumer,UPI,2,20055.85,5,4094.51,4.0,21721.05,36476.12
100303,2023-08-20,Keyboard,Accessories,Central,Corporate,Debit Card,2,1207.44,0,3159.64,4.1,1252.27,5052.26
100267,2023-05-28,Speaker,Accessories,West,Consumer,Debit Card,2,2743.04,5,13322.98,4.3,2833.42,9653.03
101557,2023-12-28,Headphones,Accessories,Central,Home Office,UPI,4,2329.76,10,13954.72,4.2,2287.98,19538.75
100545,2023-08-08,Tablet,Electronics,Central,Home Office,Credit Card,1,19242.64,10,10952.95,4.5,20957.66,23611.41
100212,2023-03-04,Keyboard,Accessories,Central,Corporate,Cash on Delivery,4,1138.43,15,4453.43,3.6,1143.41,10013.33
100896,2023-01-11,Tablet,Electronics,South,Consumer,Cash on Delivery,4,19943.4,0,2113.29,4.2,20816.18,66756.86
101492,2022-06-30,Laptop,Electronics,Central,Home Office,Net Banking,1,62353.43,10,13436.29,5.0,56518.33,72547.1
101222,2022-10-05,Speaker,Accessories,Central,Consumer,Net Banking,2,2737.11,15,5477.12,4.4,2882.82,11896.02
100916,2023-07-03,Laptop,Electronics,South,Consumer,Cash on Delivery,4,61140.49,0,8118.89,4.8,57152.81,259365.46
101551,2022-02-02,Laptop,Electronics,Central,Consumer,UPI,4,56005.14,0,13464.41,4.0,56991.36,181319.16
100675,2023-04-22,Laptop,Electronics,North,Corporate,Cash on Delivery,3,55678.47,5,4162.14,3.6,52912.35,166927.69
101289,2023-10-01,Smartphone,Electronics,Central,Home Office,Credit Card,4,25203.58,10,8848.55,4.0,22759.92,137373.39
100814,2022-09-07,Mouse,Accessories,West,Home Office,Net Banking,3,720.82,0,14548.46,3.6,676.5,12390.12
101265,2023-07-28,Speaker,Accessories,East,Corporate,UPI,3,3030.49,10,14688.44,4.0,3100.76,16252.9
100342,2022-10-25,Mouse,Accessories,Central,Consumer,Credit Card,2,910.34,0,13087.42,3.9,834.46,10893.54
100549,2023-07-13,Smartphone,Electronics,Central,Corporate,UPI,5,21492.1,0,9686.26,3.6,22656.18,108204.96
101410,2022-05-24,Speaker,Accessories,West,Corporate,Debit Card,4,3346.11,10,5075.32,3.8,3022.03,16101.22
101214,2023-12-22,Keyboard,Accessories,Central,Home Office,Credit Card,6,1121.69,5,6080.75,3.8,1228.49,13666.99
100966,2022-12-24,Monitor,Electronics,East,Corporate,UPI,1,12624.96,5,11408.51,3.9,12390.35,18531.25
101230,2022-03-13,Keyboard,Accessories,East,Corporate,Cash on Delivery,1,1136.48,0,3236.73,3.5,1060.73,3721.0
100295,2022-09-06,Monitor,Electronics,Central,Corporate,Debit Card,6,12003.44,20,6250.56,4.1,11065.95,61598.54
100695,2022-01-31,Mouse,Accessories,South,Consumer,Debit Card,1,909.04,0,6917.54,3.6,921.0,5953.19
101452,2023-03-07,Mouse,Accessories,East,Home Office,Cash on Delivery,1,760.76,10,4444.04,4.2,801.41,7103.28
100073,2023-08-27,Keyboard,Accessories,West,Home Office,Credit Card,4,1314.72,10,4857.1,4.7,1304.58,7534.55
100605,2023-12-25,Tablet,Electronics,East,Consumer,Credit Card,3,17212.04,5,11579.35,3.3,15494.08,79003.88
100104,2022-10-17,Smartphone,Electronics,Central,Corporate,Net Banking,4,20503.27,10,500.17,4.5,18676.98,104297.37
100645,2023-07-29,Smartphone,Electronics,East,Consumer,Cash on Delivery,4,20966.99,15,14030.47,4.0,19330.66,81468.86
101404,2022-07-01,Laptop,Electronics,Central,Corporate,UPI,1,61196.12,0,12098.09,3.4,57231.79,74370.41
101967,2022-12-12,Monitor,Electronics,East,Consumer,Cash on Delivery,3,12097.68,10,11526.62,4.8,12084.5,50096.63
101040,2023-07-30,Speaker,Accessories,Central,Consumer,Net Banking,1,2882.75,0,7783.27,5.0,2734.24,7397.2
100439,2023-06-26,Mouse,Accessories,Central,Consumer,Credit Card,3,894.19,0,11661.7,4.7,899.17,9423.44
101019,2023-11-20,Printer,Office,Central,Home Office,UPI,4,8538.46,0,12035.41,4.6,8723.42,53113.81
100091,2023-09-30,Keyboard,Accessories,South,Home Office,Net Banking,6,1328.93,10,4721.59,3.8,1435.1,9721.37
101112,2023-07-18,Laptop,Electronics,South,Consumer,Credit Card,3,59409.3,10,2748.86,3.7,56794.45,165469.06
101758,2022-05-02,Mouse,Accessories,South,Corporate,Cash on Delivery,4,848.15,10,9465.45,3.3,839.01,10207.45
100908,2022-03-02,Speaker,Accessories,South,Consumer,Cash on Delivery,1,3109.95,0,14939.92,4.9,3073.93,9086.11
101474,2023-05-08,Speaker,Accessories,East,Corporate,Debit Card,6,3240.54,20,4990.06,4.4,3098.07,21896.23
100102,2023-02-07,Tablet,Electronics,West,Corporate,UPI,3,18004.24,10,12435.83,4.2,16940.05,49436.38
100238,2023-07-23,Mouse,Accessories,East,Home Office,UPI,2,884.25,5,1628.92,4.0,946.84,4565.71
101705,2023-12-02,Mouse,Accessories,North,Corporate,Net Banking,5,890.25,5,10790.39,4.4,898.98,10675.16
100942,2022-08-02,Headphones,Accessories,Central,Consumer,Debit Card,2,2613.73,15,6097.45,4.2,2829.44,9432.08
101270,2022-06-18,Speaker,Accessories,West,Consumer,Debit Card,3,3084.39,10,7031.82,5.0,3168.31,14066.9
100938,2023-12-28,Laptop,Electronics,East,Home Office,Net Banking,2,59652.89,10,9301.92,3.8,60598.04,154654.68
101695,2023-01-14,Monitor,Electronics,Central,Consumer,Credit Card,5,13088.31,0,4820.0,3.9,14372.45,55644.42
101181,2022-02-09,Printer,Office,Central,Consumer,Cash on Delivery,2,8826.38,0,14154.58,3.4,9426.33,17092.46
101503,2022-10-12,Tablet,Electronics,South,Consumer,UPI,3,19882.16,0,10354.21,4.2,18964.36,89485.3
100005,2023-09-21,Speaker,Accessories,South,Corporate,Net Banking,2,3094.97,0,7412.08,4.7,3247.78,6457.12
101818,2023-04-27,Headphones,Accessories,East,Home Office,UPI,3,2296.1,0,12174.64,4.4,2518.18,15763.47
100965,2022-12-20,Laptop,Electronics,Central,Consumer,Debit Card,4,60943.61,5,7257.05,,57074.88,338046.0
100018,2023-04-11,Tablet,Electronics,South,Home Office,Debit Card,5,18928.67,0,13524.79,3.8,20642.84,99712.23
101430,2023-08-20,Laptop,Electronics,West,Consumer,Credit Card,3,58578.75,10,1554.03,4.2,55244.96,165762.65
100121,2022-12-04,Laptop,Electronics,East,Corporate,Debit Card,5,59714.62,10,8061.01,4.0,64739.8,369733.98
100661,2023-06-12,Tablet,Electronics,Central,Consumer,Debit Card,8,16779.66,15,9017.52,4.1,16360.05,118799.72
101830,2022-05-01,Mouse,Accessories,East,Home Office,UPI,3,905.65,15,11974.79,4.2,977.63,12329.02
100274,2023-01-19,Monitor,Electronics,North,Consumer,UPI,5,11873.26,0,1577.85,5.0,11618.96,50578.11
100433,2023-09-29,Speaker,Accessories,West,Home Office,Net Banking,5,3229.24,5,6052.59,4.5,3299.22,18536.54
100811,2022-12-21,Monitor,Electronics,North,Consumer,Credit Card,5,13660.72,15,6677.01,3.5,13826.07,85999.26
101300,2022-11-06,Monitor,Electronics,West,Consumer,Cash on Delivery,2,13374.23,0,3337.84,4.6,12153.29,43427.47
101335,2023-11-05,Smartphone,Electronics,West,Corporate,Net Banking,1,22322.59,10,10759.2,3.9,22450.32,34812.35
101870,2023-11-02,Mouse,Accessories,West,Consumer,Debit Card,5,733.76,20,10370.21,4.0,755.43,10847.85
101893,2022-09-23,Monitor,Electronics,Central,Consumer,Net Banking,1,11620.33,15,2377.13,3.4,12321.38,8747.71
101570,2022-04-18,Mouse,Accessories,Central,Consumer,Credit Card,1,819.78,5,1272.03,4.5,813.64,2469.1
100181,2023-03-07,Smartwatch,Wearables,Central,Home Office,Net Banking,2,6608.15,10,2731.55,3.8,6424.54,13728.72
100184,2023-04-23,Speaker,Accessories,West,Home Office,Debit Card,6,3034.83,10,10147.8,,2745.63,23040.07
100406,2023-11-08,Keyboard,Accessories,East,Home Office,Net Banking,4,1235.52,0,14042.82,3.8,1212.45,12304.12
100865,2022-05-06,Tablet,Electronics,Central,Consumer,Net Banking,3,18575.59,0,13673.18,2.6,19874.97,56948.58
101630,2023-03-14,Smartphone,Electronics,South,Consumer,Debit Card,1,22769.56,5,4015.51,3.5,21785.3,27611.05
100520,2022-11-28,Monitor,Electronics,North,Consumer,UPI,1,13139.88,10,4977.39,4.7,13884.48,17868.41
101003,2023-10-11,Keyboard,Accessories,North,Home Office,Net Banking,2,1367.8,10,7148.96,4.4,1274.02,7276.56
100380,2023-01-22,Headphones,Accessories,West,Corporate,Debit Card,5,2756.94,0,3596.29,3.6,2994.89,16979.62
101434,2023-06-02,Headphones,Accessories,North,Corporate,Debit Card,7,2820.98,10,10638.97,3.2,2894.56,22120.98
101658,2023-11-04,Speaker,Accessories,Central,Corporate,Debit Card,3,2861.09,0,5662.18,4.0,2899.59,17973.41
101393,2023-07-27,Mouse,Accessories,West,Home Office,Cash on Delivery,3,845.21,5,5187.14,4.3,929.45,7700.51
101424,2022-06-11,Smartphone,Electronics,North,Consumer,Cash on Delivery,1,24274.04,5,10916.49,4.9,24986.64,24675.06
101612,2023-08-13,Monitor,Electronics,South,Home Office,Cash on Delivery,1,11242.45,0,11630.48,4.9,10607.97,21034.22
100427,2023-03-09,Tablet,Electronics,East,Corporate,Net Banking,4,20526.38,5,12208.43,,19856.59,83825.73
100078,2022-01-25,Keyboard,Accessories,East,Consumer,Net Banking,1,1081.7,20,12417.94,4.2,1124.98,7342.49
101597,2023-02-17,Speaker,Accessories,North,Home Office,Cash on Delivery,2,2823.01,20,8882.21,4.1,3012.05,11195.35
101009,2023-09-10,Monitor,Electronics,West,Corporate,Cash on Delivery,1,13521.72,15,7146.79,4.3,13047.38,16404.27
101975,2022-05-24,Mouse,Accessories,East,Corporate,Cash on Delivery,5,885.5,0,11045.95,3.9,834.12,10027.22
101661,2022-12-15,Keyboard,Accessories,West,Corporate,Net Banking,2,1215.31,10,4367.98,4.3,1247.7,7564.82
100607,2023-12-20,Keyboard,Accessories,Central,Corporate,UPI,7,1106.02,0,2370.56,5.0,1123.34,14918.1
101889,2022-05-29,Smartwatch,Wearables,West,Corporate,Cash on Delivery,1,5468.57,0,7588.89,4.6,5636.88,7905.45
101995,2022-08-02,Keyboard,Accessories,East,Home Office,Net Banking,2,1254.0,10,5484.01,3.8,1271.84,6736.68
101825,2022-10-13,Keyboard,Accessories,Central,Corporate,Credit Card,1,1203.97,0,10513.34,4.9,1228.01,9526.18
101057,2023-03-17,Smartphone,Electronics,North,Corporate,Credit Card,3,22015.93,0,7912.5,4.3,20273.74,73923.98
101440,2022-12-27,Mouse,Accessories,East,Corporate,Credit Card,2,863.85,5,6928.91,3.4,932.64,6959.1
101514,2023-02-11,Printer,Office,Central,Corporate,UPI,4,9306.79,5,4658.69,3.9,9758.74,26015.14
101585,2023-03-14,Monitor,Electronics,East,Corporate,Net Banking,3,12592.21,0,4241.28,4.5,12318.95,41582.31
101091,2022-06-17,Laptop,Electronics,Central,Consumer,Debit Card,1,57612.19,5,848.55,4.4,54588.76,63445.64
101560,2022-01-31,Tablet,Electronics,East,Corporate,Cash on Delivery,5,18689.79,15,5755.22,4.5,19889.41,66320.93
101101,2022-01-16,Keyboard,Accessories,Central,Corporate,Cash on Delivery,2,1317.15,5,10997.53,3.0,1211.31,5033.12
101129,2022-08-29,Tablet,Electronics,East,Consumer,UPI,1,18938.62,15,3933.63,4.4,20143.03,14597.69
101235,2023-04-12,Speaker,Accessories,East,Corporate,Debit Card,3,2928.75,10,4498.32,4.7,2963.31,14066.88
101768,2022-03-02,Laptop,Electronics,West,Consumer,Debit Card,1,51204.77,10,5855.95,4.2,47885.05,57000.08
100958,2023-08-05,Smartphone,Electronics,South,Home Office,Cash on Delivery,5,22038.43,5,14534.37,3.4,23069.22,111681.02
101662,2023-01-13,Monitor,Electronics,South,Corporate,UPI,7,11959.49,5,10299.89,3.6,12130.08,71356.52
100559,2023-05-08,Speaker,Accessories,West,Home Office,UPI,5,2983.52,0,634.16,3.6,2698.64,11446.96
100846,2023-07-30,Tablet,Electronics,North,Corporate,Net Banking,1,20457.89,20,14165.22,4.8,18912.31,28884.65
101748,2022-10-24,Mouse,Accessories,North,Consumer,Net Banking,3,851.49,0,12513.49,,867.83,6744.65
100690,2023-05-22,Mouse,Accessories,Central,Consumer,Credit Card,3,842.46,5,11037.66,4.3,792.67,9917.21
101519,2023-10-20,Laptop,Electronics,East,Consumer,UPI,1,59970.2,15,3660.35,2.8,55346.61,84101.03
101941,2022-06-02,Keyboard,Accessories,South,Consumer,Net Banking,2,1102.73,10,3241.82,3.4,1004.24,5224.54
101868,2023-07-24,Smartphone,Electronics,West,Home Office,Credit Card,4,23822.87,0,9909.12,4.4,24939.24,99537.48
100436,2022-02-02,Smartwatch,Wearables,West,Consumer,UPI,6,6304.83,0,14762.16,3.9,6086.21,38050.36
100490,2022-12-30,Monitor,Electronics,West,Consumer,Credit Card,2,13677.71,10,11928.32,4.5,13540.69,44457.53
100674,2022-01-12,Tablet,Electronics,Central,Corporate,Net Banking,6,19330.38,20,10829.71,4.9,17553.06,82275.3
101894,2023-01-23,Smartwatch,Wearables,North,Corporate,Debit Card,1,5961.04,15,10520.48,5.0,6289.99,8513.68
101629,2023-10-17,Smartwatch,Wearables,East,Corporate,Cash on Delivery,1,6425.38,15,14408.96,4.2,5838.86,13338.87
101387,2023-07-25,Tablet,Electronics,Central,Corporate,Net Banking,2,17786.9,0,7425.14,4.6,16043.29,42672.63
100069,2023-04-24,Smartphone,Electronics,West,Home Office,UPI,2,24459.27,5,12704.99,5.0,22528.25,61352.74
101572,2022-03-22,Keyboard,Accessories,Central,Corporate,Net Banking,1,1297.9,15,9685.94,3.9,1208.61,10835.42
100808,2022-11-09,Monitor,Electronics,West,Corporate,Credit Card,1,13526.08,5,1586.69,3.9,14717.01,16372.11
101184,2022-02-13,Mouse,Accessories,West,Home Office,Credit Card,4,736.47,15,9090.37,5.0,664.68,7182.55
100011,2022-09-20,Printer,Office,North,Corporate,UPI,6,8334.25,10,8886.61,3.9,7643.6,51039.38
100144,2022-03-05,Printer,Office,North,Corporate,Debit Card,3,9404.38,5,14256.79,4.2,8510.9,34877.91
100917,2022-04-19,Tablet,Electronics,West,Consumer,Debit Card,5,18007.72,5,12805.1,4.4,17457.68,96173.15
101541,2022-11-01,Keyboard,Accessories,West,Corporate,Net Banking,4,1093.32,5,7734.24,3.8,1095.16,9440.05
101451,2023-03-01,Headphones,Accessories,East,Home Office,Net Banking,5,2644.53,5,11649.19,3.9,2658.06,20453.04
100639,2023-07-26,Smartwatch,Wearables,Central,Corporate,Cash on Delivery,2,6295.29,5,5294.18,4.2,6268.9,14253.87
100176,2022-09-05,Headphones,Accessories,North,Corporate,Cash on Delivery,3,2495.69,0,740.59,4.7,2327.49,13743.49
100994,2023-03-25,Printer,Office,East,Consumer,Cash on Delivery,3,8989.41,20,4049.77,3.2,8287.56,24156.84
100440,2023-02-19,Mouse,Accessories,West,Corporate,Debit Card,2,905.9,0,8904.67,5.0,905.76,7826.87
100521,2022-12-22,Printer,Office,West,Consumer,Debit Card,2,9748.02,20,10029.37,3.8,10567.08,25452.75
101983,2022-08-23,Tablet,Electronics,South,Corporate,Credit Card,1,17579.5,0,6512.81,4.7,15832.22,24669.31
101945,2023-06-13,Tablet,Electronics,North,Corporate,Credit Card,1,17462.91,5,9569.32,5.0,18207.97,19415.24
101712,2022-07-31,Mouse,Accessories,East,Consumer,Net Banking,5,919.68,5,6591.69,4.0,845.65,9340.9
101004,2022-11-01,Tablet,Electronics,East,Corporate,UPI,2,18759.28,5,6806.91,3.8,17083.76,56958.86
101255,2022-01-12,Headphones,Accessories,Central,Home Office,Credit Card,2,2732.97,15,11878.36,3.8,2714.42,11362.22
101234,2022-10-25,Smartwatch,Wearables,South,Corporate,Cash on Delivery,3,5449.1,0,14705.95,4.3,5916.91,31610.14
101664,2022-09-17,Laptop,Electronics,East,Consumer,Credit Card,3,52968.76,10,1549.41,4.3,55678.3,138714.25
100143,2023-07-17,Smartphone,Electronics,West,Consumer,UPI,5,25020.6,15,5755.25,4.2,22790.72,116216.45
100753,2023-01-18,Tablet,Electronics,South,Home Office,Credit Card,4,19413.55,10,9403.63,2.4,19775.69,60546.52
100519,2023-08-13,Printer,Office,South,Consumer,UPI,4,9398.37,0,1716.17,4.7,9076.96,38523.73
100613,2022-10-22,Mouse,Accessories,North,Consumer,Debit Card,2,879.12,5,3822.19,4.3,937.83,5292.53
101322,2022-04-20,Mouse,Accessories,South,Consumer,Credit Card,3,774.14,10,13984.47,4.0,824.69,11172.95
100822,2022-07-22,Tablet,Electronics,West,Corporate,UPI,1,18759.68,5,12824.65,4.1,18178.9,25877.71
100428,2022-04-23,Smartphone,Electronics,Central,Home Office,Credit Card,4,20513.81,5,14222.49,3.0,20951.53,81833.44
100612,2022-02-15,Headphones,Accessories,North,Corporate,Net Banking,2,2543.31,20,6265.08,4.9,2687.74,8750.35
101505,2022-01-05,Printer,Office,South,Consumer,UPI,3,10158.35,10,2144.02,4.4,9994.63,22691.69
101032,2022-09-27,Printer,Office,South,Home Office,Cash on Delivery,5,9521.41,10,11788.46,3.7,10426.7,48451.27
100156,2022-08-17,Keyboard,Accessories,East,Corporate,UPI,3,1209.0,5,14993.59,3.8,1288.2,13211.66
100539,2022-05-30,Smartwatch,Wearables,North,Consumer,UPI,4,5603.13,0,2598.3,3.8,5846.76,26008.0
101530,2022-07-02,Keyboard,Accessories,North,Consumer,Cash on Delivery,3,1099.37,0,7573.7,3.4,1021.67,6625.93
101460,2023-09-18,Speaker,Accessories,West,Consumer,UPI,1,2992.09,10,4608.17,3.1,3146.91,7794.8
101290,2022-02-13,Headphones,Accessories,South,Consumer,Credit Card,4,2385.72,0,2391.7,3.0,2484.27,8384.06
100461,2022-05-02,Tablet,Electronics,Central,Corporate,UPI,4,19391.31,0,3559.6,3.5,19153.47,82434.44
100576,2023-12-18,Speaker,Accessories,East,Consumer,UPI,4,2770.1,5,2852.42,4.8,3040.0,16997.94
101362,2023-05-09,Headphones,Accessories,South,Consumer,Net Banking,4,2273.94,0,4616.82,4.8,2334.81,16624.55
100255,2023-06-04,Printer,Office,West,Consumer,Debit Card,1,9738.03,15,4233.45,3.8,9751.05,14294.6
100979,2022-12-15,Printer,Office,South,Corporate,UPI,1,8553.24,20,7645.96,3.4,9227.81,13133.77
101185,2022-07-05,Smartwatch,Wearables,West,Corporate,Credit Card,2,5730.48,5,9178.3,3.2,5309.96,13652.91
101006,2022-08-16,Mouse,Accessories,West,Consumer,Cash on Delivery,3,880.51,5,13572.99,4.5,949.52,9357.5
101521,2022-09-30,Printer,Office,South,Consumer,Net Banking,3,8595.83,0,14062.86,3.8,7974.9,33689.39
101689,2022-07-13,Smartphone,Electronics,East,Consumer,UPI,1,20396.06,0,1449.22,4.3,20980.03,20332.26
100560,2023-12-04,Speaker,Accessories,East,Home Office,UPI,2,2874.21,5,3383.01,3.4,2972.49,10393.17
100208,2023-03-01,Smartwatch,Wearables,North,Home Office,Debit Card,4,6081.42,5,14085.45,4.6,5675.27,33384.14
100910,2023-08-20,Laptop,Electronics,East,Home Office,Net Banking,3,63248.52,5,1392.37,4.3,64841.57,180337.41
101311,2022-02-11,Smartwatch,Wearables,East,Corporate,Debit Card,2,5987.03,5,2623.83,3.9,6325.9,12667.56
100001,2023-03-03,Smartwatch,Wearables,South,Consumer,Debit Card,5,6796.42,10,10309.44,4.5,6652.15,34444.74
101365,2023-04-02,Keyboard,Accessories,West,Home Office,UPI,1,1371.7,10,6584.39,4.4,1389.01,4310.09
100269,2023-01-02,Laptop,Electronics,West,Corporate,Credit Card,4,59907.76,10,13022.8,4.5,56561.46,186793.34
100265,2022-07-19,Headphones,Accessories,Central,Consumer,Credit Card,2,2397.24,0,6287.33,3.7,2615.18,7120.62
100914,2023-01-02,Mouse,Accessories,East,Consumer,UPI,3,798.83,0,7676.22,4.5,788.25,6800.07
100230,2022-01-01,Mouse,Accessories,Central,Corporate,Net Banking,1,825.51,0,2928.17,3.8,763.09,3628.24
101978,2023-12-14,Smartwatch,Wearables,East,Consumer,Credit Card,2,6244.29,5,,4.2,6755.61,20389.82
101119,2023-01-10,Keyboard,Accessories,Central,Consumer,Debit Card,4,1272.73,5,5713.86,3.6,1390.15,10363.86
101973,2023-03-06,Tablet,Electronics,East,Corporate,Credit Card,4,20372.82,5,8267.47,3.4,21286.86,82736.27
100864,2023-02-15,Keyboard,Accessories,North,Consumer,Credit Card,3,1268.66,10,13209.04,4.6,1346.94,9840.47
101066,2023-03-28,Headphones,Accessories,East,Home Office,Debit Card,2,2610.75,5,7625.5,3.5,2758.03,11380.4
100873,2023-05-24,Smartphone,Electronics,North,Home Office,Debit Card,2,19997.94,15,9076.02,4.6,18278.91,42341.6
101797,2022-11-25,Laptop,Electronics,North,Consumer,Cash on Delivery,5,51157.79,5,7102.83,5.0,55836.87,337062.5
100398,2023-02-07,Headphones,Accessories,Central,Corporate,Net Banking,1,2658.75,10,4992.78,4.2,2460.46,7161.93
101828,2022-10-25,Smartwatch,Wearables,South,Consumer,Net Banking,4,6198.8,0,9486.16,5.0,6285.33,40418.17
101652,2022-09-25,Headphones,Accessories,Central,Corporate,Debit Card,2,2779.26,0,1242.73,3.1,2791.08,6864.13
100045,2022-01-22,Speaker,Accessories,Central,Consumer,Debit Card,5,2746.7,5,12192.85,3.7,2903.97,16122.68
100161,2022-07-29,Mouse,Accessories,East,Consumer,Debit Card,5,752.98,0,10796.92,3.6,745.26,6838.61
100991,2023-05-13,Keyboard,Accessories,West,Consumer,Credit Card,6,1239.42,0,13938.44,4.8,1233.3,14656.86
100727,2022-03-12,Laptop,Electronics,West,Corporate,UPI,3,58755.96,20,11812.78,3.5,60720.98,141041.86
100629,2022-10-21,Speaker,Accessories,North,Corporate,Net Banking,4,2798.41,5,9678.49,4.3,2761.71,22331.77
100288,2022-02-21,Laptop,Electronics,Central,Consumer,Credit Card,3,50672.44,15,7738.2,3.5,49983.4,107402.1
101613,2023-10-28,Keyboard,Accessories,South,Home Office,Net Banking,1,1321.02,15,8964.54,5.0,1269.68,4807.47
101059,2023-09-27,Smartwatch,Wearables,North,Home Office,Credit Card,2,5734.67,10,1902.3,2.6,6138.99,8880.62
101957,2023-03-17,Mouse,Accessories,North,Home Office,Debit Card,4,871.85,15,8063.17,4.1,815.72,9715.47
100575,2022-10-04,Smartwatch,Wearables,South,Consumer,Net Banking,3,6243.96,15,6693.42,3.4,6760.23,27370.73
100850,2022-06-15,Laptop,Electronics,South,Home Office,Net Banking,2,62335.96,5,8298.65,3.7,62110.4,125745.75
101339,2022-10-18,Headphones,Accessories,Central,Corporate,Cash on Delivery,2,2803.17,0,5929.77,4.1,2823.04,14218.33
100911,2023-08-18,Smartwatch,Wearables,East,Corporate,Credit Card,3,6186.11,15,14614.0,3.6,5667.11,22345.36
101254,2023-11-05,Laptop,Electronics,East,Home Office,Debit Card,2,56509.07,5,8252.67,3.1,61076.22,144424.73
101722,2023-10-01,Speaker,Accessories,West,Consumer,Debit Card,4,2995.31,0,12908.46,3.6,3206.97,22948.28
101877,2023-08-20,Speaker,Accessories,Central,Corporate,UPI,2,3139.19,10,12303.59,3.8,3217.17,9136.63
101735,2022-10-17,Mouse,Accessories,West,Home Office,Cash on Delivery,4,860.81,20,11969.16,,889.33,8870.54
100932,2023-10-16,Smartphone,Electronics,West,Home Office,Cash on Delivery,11,20532.34,5,,4.1,20684.31,309079.61
101100,2023-08-05,Monitor,Electronics,South,Home Office,Debit Card,2,11438.78,5,14880.9,4.5,11101.3,28145.94
101657,2023-08-29,Mouse,Accessories,North,Home Office,Credit Card,4,846.62,20,1647.92,4.6,763.6,6069.13
101207,2023-01-09,Laptop,Electronics,West,Corporate,UPI,3,54021.83,10,14927.95,4.4,49166.47,132499.7
100247,2022-09-04,Printer,Office,Central,Home Office,UPI,5,9200.36,5,13688.45,5.0,9774.11,50641.23
100476,2022-09-30,Speaker,Accessories,West,Corporate,Net Banking,2,2963.05,10,8944.81,4.5,3071.85,14100.18
101694,2023-09-28,Smartphone,Electronics,East,Corporate,UPI,5,20715.88,0,2001.52,3.8,22687.56,104039.33
100085,2023-04-16,Tablet,Electronics,Central,Consumer,Debit Card,4,16951.29,10,10162.59,4.2,16266.63,68445.49
100469,2023-07-14,Printer,Office,South,Consumer,Net Banking,3,8639.35,5,3839.97,3.5,8328.65,28697.95
100225,2023-07-02,Keyboard,Accessories,East,Corporate,Debit Card,4,1230.17,10,7903.27,3.9,1304.57,7539.82
100774,2023-03-17,Tablet,Electronics,South,Home Office,Debit Card,4,18994.83,15,4837.39,4.8,19039.69,69477.82
100331,2023-03-09,Tablet,Electronics,East,Home Office,UPI,3,17481.04,5,11466.5,3.6,15795.97,59155.76
100233,2023-09-01,Smartphone,Electronics,Central,Corporate,UPI,3,22618.16,0,5934.96,5.0,20856.67,77569.61
100588,2023-05-13,Tablet,Electronics,South,Consumer,Net Banking,3,19697.86,20,10603.53,3.5,19163.69,58439.71
100475,2022-12-15,Keyboard,Accessories,East,Corporate,UPI,4,1271.43,0,3922.11,3.8,1382.33,8980.09
101284,2022-08-17,Smartphone,Electronics,West,Consumer,Credit Card,4,22775.89,0,11744.69,4.0,24167.88,95625.76
101871,2022-11-14,Laptop,Electronics,Central,Consumer,UPI,2,56067.88,20,1782.47,3.0,56515.45,127174.68
100599,2022-03-07,Laptop,Electronics,East,Corporate,Debit Card,1,54483.43,10,9195.93,3.8,52705.01,55898.88
100421,2022-05-03,Smartwatch,Wearables,East,Home Office,Credit Card,1,6434.46,0,9576.77,4.0,6440.15,9403.23
101711,2023-01-07,Printer,Office,South,Consumer,Cash on Delivery,1,8877.29,15,662.42,3.6,9451.14,7615.74
100182,2022-01-30,Monitor,Electronics,South,Consumer,Net Banking,3,11579.48,15,13487.5,3.5,11374.07,28998.73
100988,2022-01-13,Keyboard,Accessories,Central,Home Office,UPI,2,1278.05,10,11393.96,4.0,1203.0,9191.97
101000,2022-12-17,Smartwatch,Wearables,Central,Corporate,Debit Card,6,5490.92,0,1049.8,4.9,5285.65,49011.31
101641,2022-07-04,Printer,Office,North,Home Office,Debit Card,1,10027.63,0,12417.59,5.0,9176.69,16702.26
101356,2022-05-09,Tablet,Electronics,South,Home Office,Net Banking,5,20004.13,0,1023.7,3.1,19321.69,105507.76
101462,2023-02-06,Smartphone,Electronics,South,Consumer,Credit Card,2,23723.8,0,7501.93,2.9,25766.16,37620.51
100049,2022-09-17,Smartwatch,Wearables,West,Home Office,Cash on Delivery,5,6882.62,5,2275.29,3.5,7566.86,36217.79
101878,2023-05-13,Keyboard,Accessories,Central,Corporate,Net Banking,1,1330.58,5,8661.66,3.5,1317.16,5394.16
101029,2023-09-09,Printer,Office,North,Home Office,Debit Card,1,10185.34,10,2703.52,3.7,10048.18,11955.12
100529,2022-12-17,Keyboard,Accessories,East,Corporate,Cash on Delivery,4,1308.57,10,13189.25,4.1,1233.78,12558.72
101258,2022-12-14,Laptop,Electronics,North,Consumer,Cash on Delivery,1,54124.49,10,9449.76,4.8,56383.54,69406.58
100486,2022-02-09,Smartwatch,Wearables,East,Consumer,Net Banking,6,6811.45,5,7207.98,4.4,6885.68,36667.07
101954,2022-01-26,Speaker,Accessories,South,Corporate,Net Banking,3,2705.98,15,7986.17,4.1,2669.77,11809.3
100497,2023-08-11,Smartwatch,Wearables,North,Corporate,Debit Card,5,5899.63,5,2519.8,5.0,6403.45,32518.22
101646,2023-05-15,Tablet,Electronics,Central,Consumer,Net Banking,5,19267.12,5,11477.34,3.9,20223.17,98366.1
100106,2023-06-21,Speaker,Accessories,South,Corporate,Cash on Delivery,2,2952.72,20,6383.39,4.5,2977.8,7656.13
100443,2023-09-16,Keyboard,Accessories,West,Corporate,Debit Card,1,1288.58,0,9776.74,4.0,1205.44,5671.87
101512,2022-09-03,Monitor,Electronics,South,Corporate,Debit Card,1,13157.31,10,1176.18,3.7,12541.08,16705.22
100646,2023-05-27,Mouse,Accessories,West,Home Office,Debit Card,1,817.75,5,9450.72,3.1,847.59,3982.49
101036,2022-06-19,Speaker,Accessories,West,Home Office,Cash on Delivery,3,2943.49,0,11358.11,4.7,3054.47,12059.04
101762,2022-03-30,Monitor,Electronics,North,Corporate,Credit Card,4,11597.94,15,12452.45,4.7,11997.0,43491.12
100726,2023-12-27,Speaker,Accessories,Central,Consumer,Debit Card,5,3353.11,15,8894.58,5.0,3566.51,23231.21
100190,2023-10-25,Headphones,Accessories,South,Corporate,UPI,1,2419.97,0,10096.6,4.8,2185.84,13259.71
101788,2023-06-24,Smartwatch,Wearables,Central,Consumer,Cash on Delivery,4,6296.63,20,13897.76,4.4,6880.35,26600.97
101856,2022-05-20,Headphones,Accessories,South,Home Office,Net Banking,6,2744.89,0,3057.91,5.0,2923.72,22682.82
100282,2022-12-23,Tablet,Electronics,South,Home Office,Debit Card,2,20489.88,0,3386.85,4.8,20673.48,57535.55
100029,2022-08-14,Smartphone,Electronics,Central,Consumer,Net Banking,1,24904.46,0,5896.42,3.1,25467.0,23497.36
100169,2023-07-24,Tablet,Electronics,West,Corporate,Cash on Delivery,2,18340.18,5,2837.67,4.2,18568.29,37589.93
101001,2023-03-27,Tablet,Electronics,East,Corporate,Credit Card,7,19344.77,15,7002.04,4.8,19166.56,121898.68
101204,2022-02-13,Keyboard,Accessories,North,Home Office,Cash on Delivery,3,1283.58,15,8268.52,4.8,1223.3,6622.12
100100,2023-02-08,Keyboard,Accessories,North,Home Office,Net Banking,6,1249.22,5,10021.15,3.7,1353.72,9649.45
100197,2023-03-24,Monitor,Electronics,South,Home Office,UPI,3,13731.1,5,2467.48,4.7,13284.29,44738.93
100495,2023-02-23,Tablet,Electronics,Central,Consumer,Credit Card,5,19074.27,20,1965.78,4.6,20844.57,57364.01
101745,2022-07-25,Laptop,Electronics,East,Home Office,UPI,2,51522.25,0,5363.94,3.8,53868.22,102376.97
100647,2023-11-25,Headphones,Accessories,West,Consumer,Credit Card,5,2840.7,0,1575.31,4.2,2773.87,24999.9
100987,2023-12-01,Headphones,Accessories,Central,Home Office,Net Banking,2,2417.0,0,7967.24,3.6,2394.37,10483.78
100044,2022-11-23,Smartphone,Electronics,Central,Home Office,Debit Card,4,22784.0,10,8458.16,3.3,24364.84,117383.17
101938,2023-06-30,Speaker,Accessories,South,Corporate,Cash on Delivery,1,3050.99,0,12616.02,3.2,3226.9,7638.07
100710,2023-09-16,Mouse,Accessories,North,Consumer,Net Banking,4,889.72,5,4178.6,4.0,944.59,8834.33
100373,2023-07-03,Keyboard,Accessories,Central,Consumer,UPI,2,1252.52,10,750.68,4.8,1246.03,5244.01
100678,2023-06-15,Headphones,Accessories,Central,Home Office,Debit Card,4,2457.69,5,5060.5,4.6,2571.41,14264.16
100566,2022-01-16,Tablet,Electronics,North,Corporate,Net Banking,4,19943.96,5,8966.4,5.0,18328.68,68107.44
101672,2023-03-15,Monitor,Electronics,South,Home Office,Credit Card,4,11041.86,0,6635.68,2.4,11661.4,44993.81
101821,2022-04-11,Smartphone,Electronics,South,Home Office,Cash on Delivery,4,23721.8,5,3302.4,4.5,21877.03,98428.23
100847,2022-11-14,Headphones,Accessories,East,Home Office,Net Banking,3,2537.91,0,5935.36,4.4,2438.52,16010.72
100460,2023-06-20,Keyboard,Accessories,East,Corporate,Net Banking,2,1089.29,0,975.6,4.6,1194.44,4242.69
101437,2023-03-29,Monitor,Electronics,East,Corporate,Cash on Delivery,7,11796.76,0,6779.29,4.9,10632.44,91864.09
101155,2023-12-15,Printer,Office,East,Home Office,UPI,4,9471.85,5,7896.43,4.1,10291.73,53362.6
100039,2023-09-11,Speaker,Accessories,South,Home Office,Cash on Delivery,1,3323.77,0,8012.14,4.3,3163.76,8302.83
100434,2023-03-19,Monitor,Electronics,North,Home Office,Cash on Delivery,6,11713.73,0,11904.63,4.4,12511.74,74545.9
100973,2022-09-11,Keyboard,Accessories,South,Consumer,Net Banking,4,1314.7,0,7366.53,3.7,1403.35,11303.77
101239,2022-10-14,Keyboard,Accessories,East,Corporate,Debit Card,3,1177.8,5,2968.11,5.0,1284.55,7207.41
101007,2023-02-12,Headphones,Accessories,Central,Consumer,Net Banking,2,2270.38,0,8192.34,3.9,2229.46,14400.86
101579,2023-05-16,Printer,Office,Central,Home Office,Credit Card,1,8679.99,0,14368.93,3.5,8172.15,18009.29
101590,2023-06-10,Printer,Office,North,Consumer,Debit Card,6,9539.04,5,1680.89,4.2,10189.96,55307.04
101786,2022-05-22,Monitor,Electronics,East,Home Office,Credit Card,6,11032.29,5,13720.83,3.3,10635.61,71210.24
101498,2023-08-07,Smartphone,Electronics,South,Home Office,Cash on Delivery,6,20461.18,5,14359.87,4.1,19126.3,126567.95
100456,2022-05-07,Laptop,Electronics,East,Home Office,Cash on Delivery,1,63141.27,0,12042.99,4.0,67948.22,54766.77
101835,2022-05-03,Printer,Office,North,Corporate,UPI,4,9524.39,0,9717.98,3.2,9123.01,41662.27
100260,2022-07-29,Printer,Office,West,Corporate,UPI,3,8815.59,20,1315.25,4.6,9010.17,23467.78
101840,2022-01-25,Speaker,Accessories,North,Corporate,Debit Card,2,3211.31,5,13173.63,3.6,3355.23,13656.3
100035,2023-09-15,Tablet,Electronics,Central,Corporate,Net Banking,5,19330.28,0,9484.05,4.8,17756.76,104371.87
100827,2023-01-27,Monitor,Electronics,East,Home Office,Net Banking,2,11434.41,0,1875.04,3.9,10717.28,22140.62
100309,2022-02-27,Smartphone,Electronics,Central,Corporate,Cash on Delivery,1,25210.54,5,11416.29,3.4,25625.19,24026.61
100276,2023-01-08,Laptop,Electronics,Central,Home Office,Debit Card,3,50265.97,0,1337.25,3.8,48209.31,126523.17
100636,2022-07-23,Laptop,Electronics,East,Corporate,Debit Card,3,52737.73,0,9376.41,4.2,53688.24,159168.88
100654,2023-03-20,Mouse,Accessories,East,Corporate,Net Banking,2,805.29,10,8587.59,3.5,828.89,7007.57
100622,2023-10-29,Smartwatch,Wearables,South,Consumer,Credit Card,1,6276.4,0,9254.04,4.3,6900.3,15569.45
101859,2022-11-14,Headphones,Accessories,West,Home Office,Credit Card,4,2674.85,10,7421.77,4.3,2887.51,15613.56
100844,2022-03-04,Tablet,Electronics,East,Consumer,Cash on Delivery,2,18019.49,10,12315.57,4.2,17101.05,41533.67
100393,2023-09-17,Laptop,Electronics,North,Home Office,Credit Card,3,60993.47,0,10300.44,4.3,63544.54,181357.2
101769,2022-11-01,Speaker,Accessories,East,Consumer,Credit Card,3,3423.07,5,8119.19,4.3,3131.75,21217.75
100107,2022-07-21,Mouse,Accessories,North,Home Office,Debit Card,1,773.8,5,4398.28,3.9,752.4,8868.11
100349,2023-09-13,Printer,Office,Central,Home Office,Cash on Delivery,5,8654.98,5,9613.31,5.0,8273.75,48504.58
100524,2022-04-07,Laptop,Electronics,Central,Corporate,Credit Card,5,50870.38,0,12560.89,4.1,45882.03,271572.42
100784,2022-10-20,Headphones,Accessories,West,Home Office,Net Banking,4,2502.52,10,11577.96,3.4,2354.41,18037.23
100047,2022-02-13,Smartphone,Electronics,North,Corporate,UPI,2,23412.29,15,6016.09,4.2,22415.57,35163.23
100203,2023-08-22,Smartwatch,Wearables,Central,Consumer,Debit Card,4,6033.98,20,652.16,4.4,5843.13,24681.51
101496,2022-07-17,Mouse,Accessories,East,Home Office,Debit Card,2,850.31,20,9693.68,4.9,862.47,4855.31
101655,2022-04-29,Tablet,Electronics,West,Consumer,Cash on Delivery,1,19573.86,20,3679.37,3.4,21257.4,14072.03
100021,2022-11-25,Tablet,Electronics,North,Home Office,Cash on Delivery,2,19312.28,10,9681.25,3.7,18233.89,54575.58
100402,2022-12-31,Monitor,Electronics,South,Home Office,Credit Card,4,13124.02,0,14037.1,4.7,12386.6,83884.78
101107,2023-05-23,Speaker,Accessories,South,Home Office,UPI,2,2984.74,5,6180.35,3.7,2985.87,11795.19
101154,2022-06-01,Tablet,Electronics,North,Corporate,Debit Card,2,16886.89,0,563.23,3.7,16528.75,36004.58
101439,2022-03-11,Smartwatch,Wearables,East,Consumer,Credit Card,4,6263.67,20,14627.55,4.3,6643.04,25640.0
101993,2023-08-20,Headphones,Accessories,North,Consumer,Debit Card,1,2356.7,5,12056.23,4.5,2377.83,8127.37
100989,2023-09-01,Printer,Office,Central,Corporate,Net Banking,2,8171.64,10,9348.61,4.7,7541.27,24132.77
101865,2023-07-09,Laptop,Electronics,Central,Home Office,UPI,1,61155.73,0,10375.82,4.2,59897.72,70656.97
100741,2022-06-05,Monitor,Electronics,South,Corporate,Credit Card,2,13121.04,5,13955.55,4.7,12987.09,32029.48
101721,2022-07-27,Printer,Office,West,Consumer,Cash on Delivery,5,10266.66,0,1134.43,4.1,9994.16,52964.68
101310,2023-01-24,Mouse,Accessories,East,Corporate,Net Banking,4,764.58,10,1086.46,4.2,786.31,3537.91
101147,2023-06-16,Tablet,Electronics,South,Consumer,Credit Card,3,18366.58,10,3244.47,2.9,18463.61,52703.21
100033,2023-03-25,Speaker,Accessories,North,Consumer,UPI,2,3193.17,0,11264.05,4.4,3313.16,14662.87
100787,2022-06-12,Smartwatch,Wearables,Central,Corporate,Cash on Delivery,3,6782.1,10,3007.38,3.7,6906.25,24554.99
101540,2022-09-18,Keyboard,Accessories,West,Home Office,UPI,6,1375.41,0,10858.29,4.9,1369.02,14802.05
100923,2022-12-14,Keyboard,Accessories,South,Corporate,UPI,6,1344.37,10,12424.27,3.2,1355.78,16575.05
101043,2023-07-31,Headphones,Accessories,West,Consumer,Debit Card,2,2849.38,5,14753.74,4.2,2763.52,11571.23
101935,2023-04-16,Printer,Office,West,Home Office,Cash on Delivery,2,9145.44,15,14096.84,4.5,8526.22,23723.81
101243,2023-04-22,Printer,Office,South,Home Office,Net Banking,4,8430.47,5,12935.45,3.9,9268.43,34879.21
101915,2022-03-29,Mouse,Accessories,South,Home Office,Cash on Delivery,2,776.54,5,6072.35,3.4,739.49,6080.08
100579,2023-05-20,Keyboard,Accessories,Central,Consumer,Net Banking,1,1368.71,5,6483.71,3.8,1412.45,4739.54
100481,2022-07-30,Speaker,Accessories,West,Home Office,Net Banking,1,3192.84,5,9366.68,,2942.5,11147.08
100931,2022-06-24,Speaker,Accessories,North,Consumer,Cash on Delivery,1,3126.17,5,14678.96,5.0,3258.95,11200.47
100356,2022-07-23,Smartphone,Electronics,West,Consumer,Credit Card,2,23224.16,0,3325.19,4.5,22683.55,50918.55
101685,2023-12-06,Keyboard,Accessories,South,Corporate,UPI,5,1142.02,5,12968.49,3.4,1166.2,14907.99
101248,2022-10-17,Headphones,Accessories,East,Home Office,Cash on Delivery,4,2289.7,0,10313.13,3.6,2291.45,19849.57
100759,2023-04-08,Printer,Office,West,Consumer,Cash on Delivery,3,8188.63,5,9354.32,3.5,8009.71,31158.43
100092,2023-02-16,Printer,Office,Central,Corporate,Debit Card,1,9611.2,5,14858.03,4.2,9901.37,10837.03
101175,2023-08-05,Speaker,Accessories,South,Consumer,Cash on Delivery,4,2959.6,0,10932.41,4.1,3170.73,15546.94
101415,2022-08-10,Headphones,Accessories,Central,Corporate,Net Banking,1,2362.59,0,3888.51,4.2,2266.65,6635.87
101341,2022-10-20,Tablet,Electronics,Central,Home Office,Cash on Delivery,5,17646.52,0,9302.76,3.6,18699.49,125149.7
101472,2023-06-12,Speaker,Accessories,West,Corporate,Credit Card,4,2928.61,5,5790.2,4.7,2839.38,15571.58
100803,2023-10-11,Mouse,Accessories,West,Consumer,Net Banking,3,797.51,10,1311.5,4.8,751.81,6003.1
100745,2023-03-20,Keyboard,Accessories,South,Consumer,UPI,2,1365.69,10,8891.16,4.4,1346.12,8206.18
101546,2022-05-02,Mouse,Accessories,East,Consumer,Net Banking,3,897.03,0,9278.99,4.4,920.87,4903.73
100279,2022-03-23,Smartphone,Electronics,East,Home Office,Credit Card,4,22318.45,5,13072.37,4.6,24401.31,86936.22
101607,2022-02-09,Tablet,Electronics,South,Consumer,Net Banking,3,20098.54,10,3591.46,3.5,18726.43,53431.35
100764,2022-01-31,Mouse,Accessories,South,Home Office,UPI,5,850.06,0,582.11,4.0,858.06,6011.11
100604,2023-05-26,Mouse,Accessories,West,Home Office,Debit Card,3,774.05,5,14645.76,4.5,845.17,9769.37
101991,2022-04-25,Mouse,Accessories,North,Consumer,UPI,4,745.36,0,6312.19,4.1,720.96,6633.52
101373,2023-08-20,Laptop,Electronics,East,Consumer,Cash on Delivery,1,61671.73,0,10122.04,4.5,56702.4,79942.6
101951,2022-02-19,Headphones,Accessories,Central,Consumer,UPI,3,2801.44,10,14371.12,4.6,2930.75,13126.19
101398,2023-05-25,Headphones,Accessories,Central,Home Office,Debit Card,7,2610.24,15,11999.44,4.2,2470.68,17510.11
100400,2023-04-08,Smartwatch,Wearables,East,Corporate,UPI,2,5890.34,0,10664.66,4.3,5880.76,16917.01
101728,2022-03-28,Headphones,Accessories,North,Corporate,Net Banking,5,2455.66,0,13921.94,3.8,2382.16,15716.03
100257,2022-09-23,Laptop,Electronics,East,Corporate,UPI,2,53368.57,5,7393.09,4.5,52907.66,108746.91
100944,2023-05-27,Headphones,Accessories,North,Home Office,Cash on Delivery,6,2730.46,15,2004.84,4.9,2693.13,16048.33
101875,2023-03-02,Tablet,Electronics,South,Home Office,Debit Card,2,17886.25,0,14900.78,4.5,16649.86,50129.21
101096,2023-10-31,Speaker,Accessories,East,Home Office,Cash on Delivery,3,2810.54,0,6446.3,4.5,2654.82,17963.09
101219,2022-06-14,Monitor,Electronics,North,Corporate,UPI,2,12107.85,0,4964.02,4.2,12695.57,28659.54
101507,2023-10-21,Printer,Office,North,Home Office,UPI,2,9817.75,10,10106.6,3.7,9123.49,29736.63
101879,2022-04-07,Smartwatch,Wearables,West,Home Office,UPI,4,5761.39,0,6051.51,3.9,5973.82,24878.77
101161,2023-05-03,Printer,Office,West,Home Office,UPI,2,8349.85,20,8821.8,3.9,8428.41,16485.58
100494,2023-09-09,Headphones,Accessories,East,Consumer,Cash on Delivery,3,2865.6,0,4008.43,4.4,2943.67,11438.63
100772,2023-10-07,Tablet,Electronics,Central,Home Office,UPI,5,17670.19,10,7082.03,3.7,18939.52,111907.85
100550,2023-06-23,Tablet,Electronics,South,Corporate,UPI,2,18481.19,10,9682.61,3.5,17172.78,39077.26
101486,2022-12-22,Laptop,Electronics,South,Corporate,Credit Card,3,53567.06,0,11911.0,4.6,48630.52,237938.75
100201,2022-09-17,Headphones,Accessories,North,Home Office,Debit Card,5,2587.67,0,8704.83,4.0,2482.27,19803.72
100312,2022-08-17,Keyboard,Accessories,West,Consumer,Credit Card,4,1151.02,10,12534.12,3.2,1235.5,8883.02
100290,2022-07-06,Speaker,Accessories,South,Home Office,Cash on Delivery,5,3251.94,0,9767.06,3.6,3532.04,18989.57
101213,2022-05-25,Printer,Office,North,Corporate,Credit Card,4,9605.52,0,11044.02,4.6,8772.49,44778.86
100763,2023-10-02,Smartphone,Electronics,West,Corporate,UPI,2,20369.82,0,1825.51,4.4,21717.64,55309.68
101136,2022-10-08,Speaker,Accessories,West,Home Office,Cash on Delivery,2,2802.69,10,6819.49,3.9,2810.67,9662.33
100949,2023-09-02,Printer,Office,Central,Home Office,Credit Card,3,9572.39,5,5811.4,4.4,8694.16,33576.28
100183,2022-05-28,Monitor,Electronics,West,Home Office,Credit Card,3,13013.85,5,10233.43,3.9,14295.93,39644.4
101176,2023-07-11,Tablet,Electronics,West,Consumer,UPI,3,17873.54,5,12601.29,3.8,19509.34,54324.38
101848,2022-04-01,Keyboard,Accessories,South,Consumer,Cash on Delivery,1,1367.43,20,14905.24,3.5,1471.4,8194.76
101349,2023-11-14,Tablet,Electronics,West,Corporate,Debit Card,3,20418.22,0,11026.09,4.4,19566.82,88835.91
101727,2022-12-03,Tablet,Electronics,East,Home Office,UPI,4,16623.9,5,6230.19,3.3,17119.5,91248.89
101068,2022-12-26,Monitor,Electronics,West,Corporate,Debit Card,4,13580.38,5,4355.24,5.0,14519.95,72799.35
101468,2022-06-29,Smartwatch,Wearables,North,Consumer,Credit Card,2,6323.64,0,11696.9,4.3,6780.91,17469.68
101811,2022-09-17,Monitor,Electronics,West,Corporate,UPI,4,12402.03,15,14212.56,3.8,12958.64,47111.39
101030,2023-07-10,Speaker,Accessories,North,Corporate,Net Banking,5,3187.19,0,9973.43,3.2,3227.87,25328.55
100250,2022-10-13,Speaker,Accessories,East,Corporate,Net Banking,5,3083.23,5,1279.84,4.1,2980.66,23001.71
100823,2023-09-17,Smartwatch,Wearables,North,Home Office,Cash on Delivery,1,6151.3,0,8357.11,4.5,6648.76,7958.53
101099,2022-12-18,Printer,Office,South,Home Office,Debit Card,5,9001.37,10,12237.44,5.0,8772.62,65811.78
101536,2023-06-06,Mouse,Accessories,South,Corporate,UPI,4,867.54,0,13924.68,3.8,847.41,13006.77
100940,2022-04-03,Speaker,Accessories,South,Corporate,Cash on Delivery,2,2960.96,0,9950.73,3.1,2991.16,11600.61
100391,2023-08-10,Monitor,Electronics,North,Corporate,Net Banking,2,11197.41,10,7876.03,3.6,10807.07,28139.59
101919,2023-01-08,Monitor,Electronics,West,Home Office,Cash on Delivery,2,12539.27,10,13420.19,4.0,12933.67,23773.75
101456,2023-08-01,Smartwatch,Wearables,East,Corporate,Net Banking,3,5782.39,15,10469.36,3.6,6015.16,22086.24
101092,2022-12-06,Monitor,Electronics,West,Consumer,Debit Card,1,13267.97,15,11037.15,4.7,13373.51,20808.94
101191,2022-11-01,Keyboard,Accessories,West,Consumer,Credit Card,2,1203.23,5,7198.72,3.8,1255.53,9785.65
100904,2022-02-01,Mouse,Accessories,Central,Home Office,Debit Card,2,818.48,0,10082.98,3.2,792.34,6986.44
100730,2022-02-15,Speaker,Accessories,South,Home Office,Cash on Delivery,1,2709.22,5,13357.65,3.8,2965.8,10053.37
100554,2023-11-24,Laptop,Electronics,North,Corporate,Net Banking,4,57972.99,5,14843.19,3.6,63507.89,304201.99
100366,2022-09-03,Speaker,Accessories,East,Corporate,Cash on Delivery,4,2959.24,10,6852.62,4.2,3213.61,17268.78
100345,2022-08-21,Mouse,Accessories,South,Consumer,Credit Card,2,727.51,10,8302.37,3.1,763.13,5804.66
101608,2022-02-12,Tablet,Electronics,North,Home Office,Debit Card,3,18326.69,10,13601.38,4.8,19071.33,44147.73
100535,2023-06-15,Keyboard,Accessories,South,Corporate,Debit Card,3,1333.84,10,3569.89,3.8,1460.84,4813.92
101422,2023-02-11,Smartphone,Electronics,West,Consumer,Credit Card,3,21187.99,15,8163.27,3.9,22489.27,46827.14
101209,2022-12-03,Smartwatch,Wearables,Central,Consumer,Cash on Delivery,6,6518.67,0,11802.58,4.4,6483.36,62111.61
101372,2023-10-29,Mouse,Accessories,West,Home Office,Net Banking,2,915.06,10,675.41,3.6,1000.63,7400.93
101639,2022-11-12,Monitor,Electronics,Central,Corporate,Cash on Delivery,3,11064.89,10,6157.9,3.9,10600.72,47421.03
100919,2022-10-01,Laptop,Electronics,Central,Home Office,Debit Card,1,55859.84,5,11800.38,4.3,51275.98,87279.37
100211,2023-01-02,Smartwatch,Wearables,North,Corporate,Debit Card,2,5897.98,10,6837.25,5.0,6303.47,15115.98
101603,2023-04-20,Monitor,Electronics,West,Home Office,UPI,3,12572.85,5,12744.86,4.6,11847.41,45098.89
100502,2022-02-21,Keyboard,Accessories,Central,Consumer,Cash on Delivery,8,1197.95,5,,4.5,1094.89,10524.91
100537,2023-12-05,Keyboard,Accessories,East,Home Office,Cash on Delivery,4,1359.11,5,12936.08,4.2,1252.25,10595.16
101220,2022-08-13,Monitor,Electronics,Central,Home Office,UPI,1,12650.55,5,13866.6,5.0,11939.26,20786.09
100175,2022-05-30,Monitor,Electronics,East,Corporate,Credit Card,3,12610.59,10,10476.66,4.4,11911.14,39010.56
